-- Adminer 4.7.1 MySQL dump

SET NAMES utf8;
SET time_zone = '+00:00';
SET foreign_key_checks = 0;
SET sql_mode = 'NO_AUTO_VALUE_ON_ZERO';

DROP TABLE IF EXISTS `admins`;
CREATE TABLE `admins` (
  `admin_id` int(11) NOT NULL AUTO_INCREMENT,
  `created` int(11) NOT NULL,
  `updated` int(11) NOT NULL,
  `created_by` varchar(32) NOT NULL,
  `updated_by` varchar(32) NOT NULL,
  `admin_name` varchar(150) NOT NULL,
  `admin_email` varchar(150) DEFAULT NULL,
  `admin_login` varchar(32) NOT NULL,
  `admin_password` varchar(40) NOT NULL,
  `admin_last_login` int(11) DEFAULT NULL,
  `admin_last_ip` varchar(45) DEFAULT NULL,
  `admin_last_browser` text DEFAULT NULL,
  `admin_group_id` int(11) NOT NULL,
  `admin_forgot_code` varchar(32) DEFAULT NULL,
  `admin_forgot_status` int(11) NOT NULL,
  `admin_status` int(11) NOT NULL,
  PRIMARY KEY (`admin_id`)
) ENGINE=InnoDB DEFAULT CHARSET=latin1;

INSERT INTO `admins` (`admin_id`, `created`, `updated`, `created_by`, `updated_by`, `admin_name`, `admin_email`, `admin_login`, `admin_password`, `admin_last_login`, `admin_last_ip`, `admin_last_browser`, `admin_group_id`, `admin_forgot_code`, `admin_forgot_status`, `admin_status`) VALUES
(1,	1530809061,	1578315758,	'SinauID',	'imamkusniadi',	'Imam Kusniadi',	'imamganz666@gmail.com',	'imamkusniadi',	'4427254d6887d297fe5c6d714dae05623937c9bc',	1578313648,	'127.0.0.1',	'Mozilla/5.0 (Windows NT 10.0; Win64; x64) AppleWebKit/537.36 (KHTML, like Gecko) Chrome/79.0.3945.88 Safari/537.36',	1,	NULL,	2,	1);

SET NAMES utf8mb4;

DROP TABLE IF EXISTS `admin_group`;
CREATE TABLE `admin_group` (
  `admin_group_id` int(11) NOT NULL AUTO_INCREMENT,
  `created` int(11) NOT NULL,
  `updated` int(11) NOT NULL,
  `created_by` varchar(32) NOT NULL,
  `updated_by` varchar(32) NOT NULL,
  `admin_group_name` varchar(150) NOT NULL,
  `admin_group_role` longtext CHARACTER SET utf8mb4 COLLATE utf8mb4_bin DEFAULT NULL CHECK (json_valid(`admin_group_role`)),
  `admin_group_status` smallint(6) NOT NULL,
  PRIMARY KEY (`admin_group_id`)
) ENGINE=InnoDB DEFAULT CHARSET=latin1;

INSERT INTO `admin_group` (`admin_group_id`, `created`, `updated`, `created_by`, `updated_by`, `admin_group_name`, `admin_group_role`, `admin_group_status`) VALUES
(1,	1575786337,	1578313996,	'SinauID',	'imamkusniadi',	'Super Admin',	'{\"dashboard\":{\"index\":\"1\"},\"account_profile\":{\"detail\":\"1\",\"change_password\":\"1\"},\"admin\":{\"index\":\"1\",\"add\":\"1\",\"update\":\"1\",\"detail\":\"1\",\"change_password\":\"1\",\"terminate\":\"1\"},\"admin_group\":{\"index\":\"1\",\"add\":\"1\",\"update\":\"1\",\"detail\":\"1\",\"delete\":\"1\"},\"participant\":{\"index\":\"1\",\"add\":\"1\",\"update\":\"1\",\"detail\":\"1\",\"change_password\":\"1\",\"terminate\":\"1\"},\"participant_group\":{\"index\":\"1\",\"add\":\"1\",\"update\":\"1\",\"detail\":\"1\",\"delete\":\"1\"},\"module\":{\"index\":\"1\",\"add\":\"1\",\"update\":\"1\",\"detail\":\"1\",\"delete\":\"1\"},\"module_group\":{\"index\":\"1\",\"add\":\"1\",\"update\":\"1\",\"detail\":\"1\",\"delete\":\"1\"},\"module_type\":{\"index\":\"1\",\"add\":\"1\",\"update\":\"1\",\"detail\":\"1\",\"delete\":\"1\"},\"question\":{\"index\":\"1\",\"add\":\"1\",\"update\":\"1\",\"detail\":\"1\",\"delete\":\"1\"},\"question_group\":{\"index\":\"1\",\"add\":\"1\",\"update\":\"1\",\"detail\":\"1\",\"delete\":\"1\"},\"question_type\":{\"index\":\"1\",\"add\":\"1\",\"update\":\"1\",\"detail\":\"1\",\"delete\":\"1\"},\"answer\":{\"index\":\"1\",\"add\":\"1\",\"update\":\"1\",\"detail\":\"1\",\"delete\":\"1\"}}',	1),
(6,	1575963622,	1578303467,	'SinauID',	'imamkusniadi',	'Admin',	'{\"dashboard\":{\"index\":\"1\"},\"change_logs\":{\"index\":\"1\"},\"account_profile\":{\"detail\":\"1\",\"change_password\":\"1\"}}',	1),
(11,	1576406687,	1577059516,	'imamkusniadi',	'imamkusniadi',	'Mentor',	'{\"dashboard\":{\"index\":\"1\"},\"change_logs\":{\"index\":\"1\"},\"account_profile\":{\"detail\":\"1\",\"change_password\":\"1\"},\"module\":{\"index\":\"1\",\"add\":\"1\",\"update\":\"1\",\"delete\":\"1\"},\"module_group\":{\"index\":\"1\",\"add\":\"1\",\"update\":\"1\",\"delete\":\"1\"},\"module_type\":{\"index\":\"1\",\"add\":\"1\",\"update\":\"1\",\"delete\":\"1\"},\"question\":{\"index\":\"1\",\"add\":\"1\",\"update\":\"1\",\"delete\":\"1\"},\"question_group\":{\"index\":\"1\",\"add\":\"1\",\"update\":\"1\",\"delete\":\"1\"},\"question_type\":{\"index\":\"1\",\"add\":\"1\",\"update\":\"1\",\"delete\":\"1\"},\"answer\":{\"index\":\"1\",\"add\":\"1\",\"update\":\"1\",\"delete\":\"1\"}}',	1);

DROP TABLE IF EXISTS `answers`;
CREATE TABLE `answers` (
  `question_id` int(11) NOT NULL,
  `created` int(11) NOT NULL,
  `updated` int(11) NOT NULL,
  `created_by` varchar(32) NOT NULL,
  `updated_by` varchar(32) NOT NULL,
  `answer_id` smallint(6) NOT NULL,
  `answer_text` text NOT NULL,
  `answer_image` text DEFAULT NULL,
  `status` smallint(6) DEFAULT NULL
) ENGINE=InnoDB DEFAULT CHARSET=latin1;

INSERT INTO `answers` (`question_id`, `created`, `updated`, `created_by`, `updated_by`, `answer_id`, `answer_text`, `answer_image`, `status`) VALUES
(1,	1577628822,	1577628822,	'imamkusniadi',	'imamkusniadi',	1,	'PHP: Hypertext Prepocessor',	NULL,	0),
(1,	1577628822,	1577628822,	'imamkusniadi',	'imamkusniadi',	2,	'Pemberi Harapan Palsu',	NULL,	1),
(1,	1577628822,	1577628822,	'imamkusniadi',	'imamkusniadi',	3,	'HyperText Markup Language',	NULL,	1),
(1,	1577628822,	1577628822,	'imamkusniadi',	'imamkusniadi',	4,	'Personal Home Page',	NULL,	1),
(1,	1577628822,	1577628822,	'imamkusniadi',	'imamkusniadi',	5,	'Cascading Style Sheets',	NULL,	1);

DROP TABLE IF EXISTS `change_logs`;
CREATE TABLE `change_logs` (
  `log_id` int(11) NOT NULL AUTO_INCREMENT,
  `created` int(11) NOT NULL,
  `created_by` varchar(32) NOT NULL,
  `controller` varchar(64) NOT NULL,
  `action` varchar(64) NOT NULL,
  `querystring` text DEFAULT NULL,
  `post` text DEFAULT NULL,
  `url` text NOT NULL,
  `ip` varchar(45) NOT NULL,
  `current_data` text DEFAULT NULL,
  `new_data` text DEFAULT NULL,
  `db_query` text DEFAULT NULL,
  `browser` text DEFAULT NULL,
  `method` varchar(15) DEFAULT NULL,
  PRIMARY KEY (`log_id`)
) ENGINE=InnoDB DEFAULT CHARSET=latin1;

INSERT INTO `change_logs` (`log_id`, `created`, `created_by`, `controller`, `action`, `querystring`, `post`, `url`, `ip`, `current_data`, `new_data`, `db_query`, `browser`, `method`) VALUES
(17,	1576404778,	'imamkusniadi',	'admin_group',	'add',	'INSERT INTO admin_group (admin_group_name, admin_group_role, admin_group_status, created, created_by, updated, updated_by) VALUES (\'Mentor\', \'{\\\"admin_group\\\":{\\\"index\\\":\\\"1\\\",\\\"add\\\":\\\"1\\\",\\\"update\\\":\\\"1\\\"}}\', \'1\', \'1576404778\', \'imamkusniadi\', \'1576404778\', \'imamkusniadi\')',	'\"{\\\"txtGroupName\\\":\\\"Mentor\\\",\\\"cbStatus\\\":\\\"1\\\",\\\"cbxGroupRoles\\\":{\\\"admin_group\\\":{\\\"index\\\":\\\"1\\\",\\\"add\\\":\\\"1\\\",\\\"update\\\":\\\"1\\\"}}}\"',	'http://127.0.0.1/elearning/?do=admin_group&act=add',	'127.0.0.1',	'[]',	'{\"admin_group_name\":\"Mentor\",\"admin_group_role\":\"{\\\"admin_group\\\":{\\\"index\\\":\\\"1\\\",\\\"add\\\":\\\"1\\\",\\\"update\\\":\\\"1\\\"}}\",\"admin_group_status\":\"1\",\"created\":1576404778,\"created_by\":\"imamkusniadi\",\"updated\":1576404778,\"updated_by\":\"imamkusniadi\"}',	NULL,	NULL,	NULL),
(18,	1576406351,	'imamkusniadi',	'admin_group',	'update',	'UPDATE admin_group SET admin_group_name = \'Mentor\' , admin_group_role = \'{\"change_logs\":[\"1\"],\"account_profile\":[\"1\",\"1\"],\"admin_group\":[\"1\",\"1\",\"1\"]}\' , admin_group_status = \'1\' , updated = \'1576406351\' , updated_by = \'imamkusniadi\' WHERE admin_group_id = 10',	'\"{\\\"txtGroupName\\\":\\\"Mentor\\\",\\\"cbStatus\\\":\\\"1\\\",\\\"cbxGroupRoles\\\":{\\\"change_logs\\\":[\\\"1\\\"],\\\"account_profile\\\":[\\\"1\\\",\\\"1\\\"],\\\"admin_group\\\":[\\\"1\\\",\\\"1\\\",\\\"1\\\"]}}\"',	'http://127.0.0.1/elearning/?do=admin_group&act=update&id=19090',	'127.0.0.1',	'[]',	'{\"admin_group_name\":\"Mentor\",\"admin_group_role\":\"{\\\"change_logs\\\":[\\\"1\\\"],\\\"account_profile\\\":[\\\"1\\\",\\\"1\\\"],\\\"admin_group\\\":[\\\"1\\\",\\\"1\\\",\\\"1\\\"]}\",\"admin_group_status\":\"1\",\"updated\":1576406351,\"updated_by\":\"imamkusniadi\"}',	NULL,	NULL,	NULL),
(19,	1576406364,	'imamkusniadi',	'admin_group',	'update',	'UPDATE admin_group SET admin_group_name = \'Mentor\' , admin_group_role = \'{\"change_logs\":[\"1\"],\"account_profile\":[\"1\",\"1\"]}\' , admin_group_status = \'1\' , updated = \'1576406364\' , updated_by = \'imamkusniadi\' WHERE admin_group_id = 10',	'\"{\\\"txtGroupName\\\":\\\"Mentor\\\",\\\"cbStatus\\\":\\\"1\\\",\\\"cbxGroupRoles\\\":{\\\"change_logs\\\":[\\\"1\\\"],\\\"account_profile\\\":[\\\"1\\\",\\\"1\\\"]}}\"',	'http://127.0.0.1/elearning/?do=admin_group&act=update&id=19090',	'127.0.0.1',	'[]',	'{\"admin_group_name\":\"Mentor\",\"admin_group_role\":\"{\\\"change_logs\\\":[\\\"1\\\"],\\\"account_profile\\\":[\\\"1\\\",\\\"1\\\"]}\",\"admin_group_status\":\"1\",\"updated\":1576406364,\"updated_by\":\"imamkusniadi\"}',	NULL,	NULL,	NULL),
(20,	1576406608,	'imamkusniadi',	'admin_group',	'update',	'UPDATE admin_group SET admin_group_name = \'Mentor\' , admin_group_role = \'{\"change_logs\":[\"1\"],\"account_profile\":[\"1\",\"1\"]}\' , admin_group_status = \'1\' , updated = \'1576406608\' , updated_by = \'imamkusniadi\' WHERE admin_group_id = 10',	'\"{\\\"txtGroupName\\\":\\\"Mentor\\\",\\\"cbStatus\\\":\\\"1\\\",\\\"cbxGroupRoles\\\":{\\\"change_logs\\\":[\\\"1\\\"],\\\"account_profile\\\":[\\\"1\\\",\\\"1\\\"]}}\"',	'http://127.0.0.1/elearning/?do=admin_group&act=update&id=19090',	'127.0.0.1',	'[]',	'{\"admin_group_name\":\"Mentor\",\"admin_group_role\":\"{\\\"change_logs\\\":[\\\"1\\\"],\\\"account_profile\\\":[\\\"1\\\",\\\"1\\\"]}\",\"admin_group_status\":\"1\",\"updated\":1576406608,\"updated_by\":\"imamkusniadi\"}',	NULL,	NULL,	NULL),
(21,	1576406678,	'imamkusniadi',	'admin_group',	'delete',	'DELETE FROM admin_group  WHERE admin_group_id = 10',	'\"[]\"',	'http://127.0.0.1/elearning/?do=admin_group&act=delete&id=19090',	'127.0.0.1',	'[]',	'null',	NULL,	NULL,	NULL),
(22,	1576406687,	'imamkusniadi',	'admin_group',	'add',	'INSERT INTO admin_group (admin_group_name, admin_group_role, admin_group_status, created, created_by, updated, updated_by) VALUES (\'Mentor\', \'{\\\"change_logs\\\":{\\\"index\\\":\\\"1\\\"},\\\"account_profile\\\":{\\\"detail\\\":\\\"1\\\",\\\"change_password\\\":\\\"1\\\"},\\\"admin_group\\\":{\\\"index\\\":\\\"1\\\",\\\"add\\\":\\\"1\\\",\\\"update\\\":\\\"1\\\"}}\', \'1\', \'1576406687\', \'imamkusniadi\', \'1576406687\', \'imamkusniadi\')',	'\"{\\\"txtGroupName\\\":\\\"Mentor\\\",\\\"cbStatus\\\":\\\"1\\\",\\\"cbxGroupRoles\\\":{\\\"change_logs\\\":{\\\"index\\\":\\\"1\\\"},\\\"account_profile\\\":{\\\"detail\\\":\\\"1\\\",\\\"change_password\\\":\\\"1\\\"},\\\"admin_group\\\":{\\\"index\\\":\\\"1\\\",\\\"add\\\":\\\"1\\\",\\\"update\\\":\\\"1\\\"}}}\"',	'http://127.0.0.1/elearning/?do=admin_group&act=add',	'127.0.0.1',	'[]',	'{\"admin_group_name\":\"Mentor\",\"admin_group_role\":\"{\\\"change_logs\\\":{\\\"index\\\":\\\"1\\\"},\\\"account_profile\\\":{\\\"detail\\\":\\\"1\\\",\\\"change_password\\\":\\\"1\\\"},\\\"admin_group\\\":{\\\"index\\\":\\\"1\\\",\\\"add\\\":\\\"1\\\",\\\"update\\\":\\\"1\\\"}}\",\"admin_group_status\":\"1\",\"created\":1576406687,\"created_by\":\"imamkusniadi\",\"updated\":1576406687,\"updated_by\":\"imamkusniadi\"}',	NULL,	NULL,	NULL),
(23,	1576406821,	'imamkusniadi',	'admin_group',	'update',	'UPDATE admin_group SET admin_group_name = \'Mentor\' , admin_group_role = \'{\"change_logs\":{\"index\":\"1\"},\"account_profile\":{\"detail\":\"1\",\"change_password\":\"1\"},\"admin_group\":{\"index\":\"1\",\"add\":\"1\",\"update\":\"1\"}}\' , admin_group_status = \'1\' , updated = \'1576406821\' , updated_by = \'imamkusniadi\' WHERE admin_group_id = 11',	'\"{\\\"txtGroupName\\\":\\\"Mentor\\\",\\\"cbStatus\\\":\\\"1\\\",\\\"cbxGroupRoles\\\":{\\\"change_logs\\\":{\\\"index\\\":\\\"1\\\"},\\\"account_profile\\\":{\\\"detail\\\":\\\"1\\\",\\\"change_password\\\":\\\"1\\\"},\\\"admin_group\\\":{\\\"index\\\":\\\"1\\\",\\\"add\\\":\\\"1\\\",\\\"update\\\":\\\"1\\\"}}}\"',	'http://127.0.0.1/elearning/?do=admin_group&act=update&id=20999',	'127.0.0.1',	'[]',	'{\"admin_group_name\":\"Mentor\",\"admin_group_role\":\"{\\\"change_logs\\\":{\\\"index\\\":\\\"1\\\"},\\\"account_profile\\\":{\\\"detail\\\":\\\"1\\\",\\\"change_password\\\":\\\"1\\\"},\\\"admin_group\\\":{\\\"index\\\":\\\"1\\\",\\\"add\\\":\\\"1\\\",\\\"update\\\":\\\"1\\\"}}\",\"admin_group_status\":\"1\",\"updated\":1576406821,\"updated_by\":\"imamkusniadi\"}',	NULL,	NULL,	NULL),
(24,	1576406839,	'imamkusniadi',	'admin_group',	'update',	'UPDATE admin_group SET admin_group_name = \'Mentor\' , admin_group_role = \'{\"change_logs\":{\"index\":\"1\"},\"account_profile\":{\"detail\":\"1\",\"change_password\":\"1\"},\"admin_group\":{\"index\":\"1\",\"add\":\"1\",\"update\":\"1\"}}\' , admin_group_status = \'1\' , updated = \'1576406839\' , updated_by = \'imamkusniadi\' WHERE admin_group_id = 11',	'\"{\\\"txtGroupName\\\":\\\"Mentor\\\",\\\"cbStatus\\\":\\\"1\\\",\\\"cbxGroupRoles\\\":{\\\"change_logs\\\":{\\\"index\\\":\\\"1\\\"},\\\"account_profile\\\":{\\\"detail\\\":\\\"1\\\",\\\"change_password\\\":\\\"1\\\"},\\\"admin_group\\\":{\\\"index\\\":\\\"1\\\",\\\"add\\\":\\\"1\\\",\\\"update\\\":\\\"1\\\"}}}\"',	'http://127.0.0.1/elearning/?do=admin_group&act=update&id=20999',	'127.0.0.1',	'[]',	'{\"admin_group_name\":\"Mentor\",\"admin_group_role\":\"{\\\"change_logs\\\":{\\\"index\\\":\\\"1\\\"},\\\"account_profile\\\":{\\\"detail\\\":\\\"1\\\",\\\"change_password\\\":\\\"1\\\"},\\\"admin_group\\\":{\\\"index\\\":\\\"1\\\",\\\"add\\\":\\\"1\\\",\\\"update\\\":\\\"1\\\"}}\",\"admin_group_status\":\"1\",\"updated\":1576406839,\"updated_by\":\"imamkusniadi\"}',	NULL,	NULL,	NULL),
(25,	1576463856,	'SinauID',	'login',	'none',	'UPDATE admins SET admin_last_login = \'1576463856\' , admin_last_ip = \'127.0.0.1\' , admin_last_browser = \'Mozilla/5.0 (Windows NT 10.0; Win64; x64) AppleWebKit/537.36 (KHTML, like Gecko) Chrome/78.0.3904.108 Safari/537.36\' , updated = \'1576463856\' , updated_by = \'SinauID\' WHERE admin_id = 1',	'\"{\\\"login\\\":\\\"imamkusniadi\\\",\\\"passwd\\\":\\\"123456\\\"}\"',	'http://127.0.0.1/elearning/?do=login',	'127.0.0.1',	'[]',	'{\"admin_last_login\":1576463856,\"admin_last_ip\":\"127.0.0.1\",\"admin_last_browser\":\"Mozilla\\/5.0 (Windows NT 10.0; Win64; x64) AppleWebKit\\/537.36 (KHTML, like Gecko) Chrome\\/78.0.3904.108 Safari\\/537.36\",\"updated\":1576463856,\"updated_by\":\"SinauID\"}',	NULL,	NULL,	NULL),
(26,	1576463873,	'imamkusniadi',	'admin_group',	'update',	'UPDATE admin_group SET admin_group_name = \'Mentor\' , admin_group_role = \'{\"dashboard\":{\"index\":\"1\"},\"change_logs\":{\"index\":\"1\"},\"account_profile\":{\"detail\":\"1\",\"change_password\":\"1\"},\"admin_group\":{\"index\":\"1\",\"add\":\"1\",\"update\":\"1\"}}\' , admin_group_status = \'1\' , updated = \'1576463873\' , updated_by = \'imamkusniadi\' WHERE admin_group_id = 11',	'\"{\\\"txtGroupName\\\":\\\"Mentor\\\",\\\"cbStatus\\\":\\\"1\\\",\\\"cbxGroupRoles\\\":{\\\"dashboard\\\":{\\\"index\\\":\\\"1\\\"},\\\"change_logs\\\":{\\\"index\\\":\\\"1\\\"},\\\"account_profile\\\":{\\\"detail\\\":\\\"1\\\",\\\"change_password\\\":\\\"1\\\"},\\\"admin_group\\\":{\\\"index\\\":\\\"1\\\",\\\"add\\\":\\\"1\\\",\\\"update\\\":\\\"1\\\"}}}\"',	'http://127.0.0.1/elearning/?do=admin_group&act=update&id=20999',	'127.0.0.1',	'[]',	'{\"admin_group_name\":\"Mentor\",\"admin_group_role\":\"{\\\"dashboard\\\":{\\\"index\\\":\\\"1\\\"},\\\"change_logs\\\":{\\\"index\\\":\\\"1\\\"},\\\"account_profile\\\":{\\\"detail\\\":\\\"1\\\",\\\"change_password\\\":\\\"1\\\"},\\\"admin_group\\\":{\\\"index\\\":\\\"1\\\",\\\"add\\\":\\\"1\\\",\\\"update\\\":\\\"1\\\"}}\",\"admin_group_status\":\"1\",\"updated\":1576463873,\"updated_by\":\"imamkusniadi\"}',	NULL,	NULL,	NULL),
(27,	1576463941,	'imamkusniadi',	'admin_group',	'update',	'UPDATE admin_group SET admin_group_name = \'Super Admin\' , admin_group_role = \'{\"account_profile\":{\"detail\":\"1\",\"change_password\":\"1\"},\"admin\":{\"index\":\"1\",\"add\":\"1\",\"update\":\"1\"},\"admin_group\":{\"index\":\"1\",\"add\":\"1\",\"update\":\"1\"}}\' , admin_group_status = \'1\' , updated = \'1576463940\' , updated_by = \'imamkusniadi\' WHERE admin_group_id = 1',	'\"{\\\"txtGroupName\\\":\\\"Super Admin\\\",\\\"cbStatus\\\":\\\"1\\\",\\\"cbxGroupRoles\\\":{\\\"account_profile\\\":{\\\"detail\\\":\\\"1\\\",\\\"change_password\\\":\\\"1\\\"},\\\"admin\\\":{\\\"index\\\":\\\"1\\\",\\\"add\\\":\\\"1\\\",\\\"update\\\":\\\"1\\\"},\\\"admin_group\\\":{\\\"index\\\":\\\"1\\\",\\\"add\\\":\\\"1\\\",\\\"update\\\":\\\"1\\\"}}}\"',	'http://127.0.0.1/elearning/?do=admin_group&act=update&id=1909',	'127.0.0.1',	'[]',	'{\"admin_group_name\":\"Super Admin\",\"admin_group_role\":\"{\\\"account_profile\\\":{\\\"detail\\\":\\\"1\\\",\\\"change_password\\\":\\\"1\\\"},\\\"admin\\\":{\\\"index\\\":\\\"1\\\",\\\"add\\\":\\\"1\\\",\\\"update\\\":\\\"1\\\"},\\\"admin_group\\\":{\\\"index\\\":\\\"1\\\",\\\"add\\\":\\\"1\\\",\\\"update\\\":\\\"1\\\"}}\",\"admin_group_status\":\"1\",\"updated\":1576463940,\"updated_by\":\"imamkusniadi\"}',	NULL,	NULL,	NULL),
(28,	1576464257,	'imamkusniadi',	'admin_group',	'update',	'UPDATE admin_group SET admin_group_name = \'Mentor\' , admin_group_role = \'{\"dashboard\":{\"index\":\"1\"},\"change_logs\":{\"index\":\"1\"},\"account_profile\":{\"detail\":\"1\",\"change_password\":\"1\"},\"admin_group\":{\"index\":\"1\",\"add\":\"1\",\"update\":\"1\"}}\' , admin_group_status = \'1\' , updated = \'1576464257\' , updated_by = \'imamkusniadi\' WHERE admin_group_id = 11',	'\"{\\\"txtGroupName\\\":\\\"Mentor\\\",\\\"cbStatus\\\":\\\"1\\\",\\\"cbxGroupRoles\\\":{\\\"dashboard\\\":{\\\"index\\\":\\\"1\\\"},\\\"change_logs\\\":{\\\"index\\\":\\\"1\\\"},\\\"account_profile\\\":{\\\"detail\\\":\\\"1\\\",\\\"change_password\\\":\\\"1\\\"},\\\"admin_group\\\":{\\\"index\\\":\\\"1\\\",\\\"add\\\":\\\"1\\\",\\\"update\\\":\\\"1\\\"}}}\"',	'http://127.0.0.1/elearning/?do=admin_group&act=update&id=20999',	'127.0.0.1',	'[]',	'{\"admin_group_name\":\"Mentor\",\"admin_group_role\":\"{\\\"dashboard\\\":{\\\"index\\\":\\\"1\\\"},\\\"change_logs\\\":{\\\"index\\\":\\\"1\\\"},\\\"account_profile\\\":{\\\"detail\\\":\\\"1\\\",\\\"change_password\\\":\\\"1\\\"},\\\"admin_group\\\":{\\\"index\\\":\\\"1\\\",\\\"add\\\":\\\"1\\\",\\\"update\\\":\\\"1\\\"}}\",\"admin_group_status\":\"1\",\"updated\":1576464257,\"updated_by\":\"imamkusniadi\"}',	NULL,	NULL,	NULL),
(29,	1576464479,	'imamkusniadi',	'admin_group',	'update',	'UPDATE admin_group SET admin_group_name = \'Mentor\' , admin_group_role = \'{\"dashboard\":{\"index\":\"1\"},\"change_logs\":{\"index\":\"1\"},\"account_profile\":{\"detail\":\"1\",\"change_password\":\"1\"},\"admin_group\":{\"index\":\"1\",\"add\":\"1\",\"update\":\"1\"}}\' , admin_group_status = \'1\' , updated = \'1576464478\' , updated_by = \'imamkusniadi\' WHERE admin_group_id = 11',	'\"{\\\"txtGroupName\\\":\\\"Mentor\\\",\\\"cbStatus\\\":\\\"1\\\",\\\"cbxGroupRoles\\\":{\\\"dashboard\\\":{\\\"index\\\":\\\"1\\\"},\\\"change_logs\\\":{\\\"index\\\":\\\"1\\\"},\\\"account_profile\\\":{\\\"detail\\\":\\\"1\\\",\\\"change_password\\\":\\\"1\\\"},\\\"admin_group\\\":{\\\"index\\\":\\\"1\\\",\\\"add\\\":\\\"1\\\",\\\"update\\\":\\\"1\\\"}}}\"',	'http://127.0.0.1/elearning/?do=admin_group&act=update&id=20999',	'127.0.0.1',	'[]',	'{\"admin_group_name\":\"Mentor\",\"admin_group_role\":\"{\\\"dashboard\\\":{\\\"index\\\":\\\"1\\\"},\\\"change_logs\\\":{\\\"index\\\":\\\"1\\\"},\\\"account_profile\\\":{\\\"detail\\\":\\\"1\\\",\\\"change_password\\\":\\\"1\\\"},\\\"admin_group\\\":{\\\"index\\\":\\\"1\\\",\\\"add\\\":\\\"1\\\",\\\"update\\\":\\\"1\\\"}}\",\"admin_group_status\":\"1\",\"updated\":1576464478,\"updated_by\":\"imamkusniadi\"}',	NULL,	NULL,	NULL),
(30,	1576464511,	'imamkusniadi',	'admin_group',	'update',	'UPDATE admin_group SET admin_group_name = \'Mentor\' , admin_group_role = \'{\"dashboard\":{\"index\":\"1\"},\"change_logs\":{\"index\":\"1\"},\"account_profile\":{\"detail\":\"1\",\"change_password\":\"1\"},\"admin_group\":{\"index\":\"1\",\"add\":\"1\",\"update\":\"1\"}}\' , admin_group_status = \'1\' , updated = \'1576464511\' , updated_by = \'imamkusniadi\' WHERE admin_group_id = 11',	'\"{\\\"txtGroupName\\\":\\\"Mentor\\\",\\\"cbStatus\\\":\\\"1\\\",\\\"cbxGroupRoles\\\":{\\\"dashboard\\\":{\\\"index\\\":\\\"1\\\"},\\\"change_logs\\\":{\\\"index\\\":\\\"1\\\"},\\\"account_profile\\\":{\\\"detail\\\":\\\"1\\\",\\\"change_password\\\":\\\"1\\\"},\\\"admin_group\\\":{\\\"index\\\":\\\"1\\\",\\\"add\\\":\\\"1\\\",\\\"update\\\":\\\"1\\\"}}}\"',	'http://127.0.0.1/elearning/?do=admin_group&act=update&id=20999',	'127.0.0.1',	'[]',	'{\"admin_group_name\":\"Mentor\",\"admin_group_role\":\"{\\\"dashboard\\\":{\\\"index\\\":\\\"1\\\"},\\\"change_logs\\\":{\\\"index\\\":\\\"1\\\"},\\\"account_profile\\\":{\\\"detail\\\":\\\"1\\\",\\\"change_password\\\":\\\"1\\\"},\\\"admin_group\\\":{\\\"index\\\":\\\"1\\\",\\\"add\\\":\\\"1\\\",\\\"update\\\":\\\"1\\\"}}\",\"admin_group_status\":\"1\",\"updated\":1576464511,\"updated_by\":\"imamkusniadi\"}',	NULL,	NULL,	NULL),
(31,	1576464532,	'imamkusniadi',	'admin_group',	'update',	'UPDATE admin_group SET admin_group_name = \'Mentor\' , admin_group_role = \'{\"dashboard\":{\"index\":\"1\"},\"change_logs\":{\"index\":\"1\"},\"account_profile\":{\"detail\":\"1\",\"change_password\":\"1\"},\"admin_group\":{\"index\":\"1\",\"add\":\"1\",\"update\":\"1\"}}\' , admin_group_status = \'1\' , updated = \'1576464532\' , updated_by = \'imamkusniadi\' WHERE admin_group_id = 11',	'\"{\\\"txtGroupName\\\":\\\"Mentor\\\",\\\"cbStatus\\\":\\\"1\\\",\\\"cbxGroupRoles\\\":{\\\"dashboard\\\":{\\\"index\\\":\\\"1\\\"},\\\"change_logs\\\":{\\\"index\\\":\\\"1\\\"},\\\"account_profile\\\":{\\\"detail\\\":\\\"1\\\",\\\"change_password\\\":\\\"1\\\"},\\\"admin_group\\\":{\\\"index\\\":\\\"1\\\",\\\"add\\\":\\\"1\\\",\\\"update\\\":\\\"1\\\"}}}\"',	'http://127.0.0.1/elearning/?do=admin_group&act=update&id=20999',	'127.0.0.1',	'[]',	'{\"admin_group_name\":\"Mentor\",\"admin_group_role\":\"{\\\"dashboard\\\":{\\\"index\\\":\\\"1\\\"},\\\"change_logs\\\":{\\\"index\\\":\\\"1\\\"},\\\"account_profile\\\":{\\\"detail\\\":\\\"1\\\",\\\"change_password\\\":\\\"1\\\"},\\\"admin_group\\\":{\\\"index\\\":\\\"1\\\",\\\"add\\\":\\\"1\\\",\\\"update\\\":\\\"1\\\"}}\",\"admin_group_status\":\"1\",\"updated\":1576464532,\"updated_by\":\"imamkusniadi\"}',	NULL,	NULL,	NULL),
(32,	1576464576,	'imamkusniadi',	'admin_group',	'update',	'UPDATE admin_group SET admin_group_name = \'Mentor\' , admin_group_role = \'{\"dashboard\":{\"index\":\"1\"},\"change_logs\":{\"index\":\"1\"},\"account_profile\":{\"detail\":\"1\",\"change_password\":\"1\"},\"admin_group\":{\"index\":\"1\",\"add\":\"1\",\"update\":\"1\"}}\' , admin_group_status = \'1\' , updated = \'1576464576\' , updated_by = \'imamkusniadi\' WHERE admin_group_id = 11',	'\"{\\\"txtGroupName\\\":\\\"Mentor\\\",\\\"cbStatus\\\":\\\"1\\\",\\\"cbxGroupRoles\\\":{\\\"dashboard\\\":{\\\"index\\\":\\\"1\\\"},\\\"change_logs\\\":{\\\"index\\\":\\\"1\\\"},\\\"account_profile\\\":{\\\"detail\\\":\\\"1\\\",\\\"change_password\\\":\\\"1\\\"},\\\"admin_group\\\":{\\\"index\\\":\\\"1\\\",\\\"add\\\":\\\"1\\\",\\\"update\\\":\\\"1\\\"}}}\"',	'http://127.0.0.1/elearning/?do=admin_group&act=update&id=20999',	'127.0.0.1',	'[]',	'{\"admin_group_name\":\"Mentor\",\"admin_group_role\":\"{\\\"dashboard\\\":{\\\"index\\\":\\\"1\\\"},\\\"change_logs\\\":{\\\"index\\\":\\\"1\\\"},\\\"account_profile\\\":{\\\"detail\\\":\\\"1\\\",\\\"change_password\\\":\\\"1\\\"},\\\"admin_group\\\":{\\\"index\\\":\\\"1\\\",\\\"add\\\":\\\"1\\\",\\\"update\\\":\\\"1\\\"}}\",\"admin_group_status\":\"1\",\"updated\":1576464576,\"updated_by\":\"imamkusniadi\"}',	NULL,	NULL,	NULL),
(33,	1576464600,	'imamkusniadi',	'admin_group',	'update',	'UPDATE admin_group SET admin_group_name = \'Mentor\' , admin_group_role = \'{\"dashboard\":{\"index\":\"1\"},\"change_logs\":{\"index\":\"1\"},\"account_profile\":{\"detail\":\"1\",\"change_password\":\"1\"},\"admin_group\":{\"index\":\"1\",\"add\":\"1\",\"update\":\"1\"}}\' , admin_group_status = \'1\' , updated = \'1576464600\' , updated_by = \'imamkusniadi\' WHERE admin_group_id = 11',	'\"{\\\"txtGroupName\\\":\\\"Mentor\\\",\\\"cbStatus\\\":\\\"1\\\",\\\"cbxGroupRoles\\\":{\\\"dashboard\\\":{\\\"index\\\":\\\"1\\\"},\\\"change_logs\\\":{\\\"index\\\":\\\"1\\\"},\\\"account_profile\\\":{\\\"detail\\\":\\\"1\\\",\\\"change_password\\\":\\\"1\\\"},\\\"admin_group\\\":{\\\"index\\\":\\\"1\\\",\\\"add\\\":\\\"1\\\",\\\"update\\\":\\\"1\\\"}}}\"',	'http://127.0.0.1/elearning/?do=admin_group&act=update&id=20999',	'127.0.0.1',	'[]',	'{\"admin_group_name\":\"Mentor\",\"admin_group_role\":\"{\\\"dashboard\\\":{\\\"index\\\":\\\"1\\\"},\\\"change_logs\\\":{\\\"index\\\":\\\"1\\\"},\\\"account_profile\\\":{\\\"detail\\\":\\\"1\\\",\\\"change_password\\\":\\\"1\\\"},\\\"admin_group\\\":{\\\"index\\\":\\\"1\\\",\\\"add\\\":\\\"1\\\",\\\"update\\\":\\\"1\\\"}}\",\"admin_group_status\":\"1\",\"updated\":1576464600,\"updated_by\":\"imamkusniadi\"}',	NULL,	NULL,	NULL),
(34,	1576464847,	'imamkusniadi',	'admin_group',	'update',	'UPDATE admin_group SET admin_group_name = \'Mentor\' , admin_group_role = \'{\"dashboard\":{\"index\":\"1\"},\"change_logs\":{\"index\":\"1\"},\"account_profile\":{\"detail\":\"1\",\"change_password\":\"1\"},\"admin_group\":{\"index\":\"1\",\"add\":\"1\",\"update\":\"1\"}}\' , admin_group_status = \'1\' , updated = \'1576464847\' , updated_by = \'imamkusniadi\' WHERE admin_group_id = 11',	'\"{\\\"txtGroupName\\\":\\\"Mentor\\\",\\\"cbStatus\\\":\\\"1\\\",\\\"cbxGroupRoles\\\":{\\\"dashboard\\\":{\\\"index\\\":\\\"1\\\"},\\\"change_logs\\\":{\\\"index\\\":\\\"1\\\"},\\\"account_profile\\\":{\\\"detail\\\":\\\"1\\\",\\\"change_password\\\":\\\"1\\\"},\\\"admin_group\\\":{\\\"index\\\":\\\"1\\\",\\\"add\\\":\\\"1\\\",\\\"update\\\":\\\"1\\\"}}}\"',	'http://127.0.0.1/elearning/?do=admin_group&act=update&id=20999',	'127.0.0.1',	'[]',	'{\"admin_group_name\":\"Mentor\",\"admin_group_role\":\"{\\\"dashboard\\\":{\\\"index\\\":\\\"1\\\"},\\\"change_logs\\\":{\\\"index\\\":\\\"1\\\"},\\\"account_profile\\\":{\\\"detail\\\":\\\"1\\\",\\\"change_password\\\":\\\"1\\\"},\\\"admin_group\\\":{\\\"index\\\":\\\"1\\\",\\\"add\\\":\\\"1\\\",\\\"update\\\":\\\"1\\\"}}\",\"admin_group_status\":\"1\",\"updated\":1576464847,\"updated_by\":\"imamkusniadi\"}',	NULL,	NULL,	NULL),
(35,	1576911895,	'SinauID',	'login',	'none',	'UPDATE admins SET admin_last_login = \'1576911895\' , admin_last_ip = \'127.0.0.1\' , admin_last_browser = \'Mozilla/5.0 (Windows NT 10.0; Win64; x64) AppleWebKit/537.36 (KHTML, like Gecko) Chrome/79.0.3945.88 Safari/537.36\' , updated = \'1576911895\' , updated_by = \'SinauID\' WHERE admin_id = 1',	'\"{\\\"login\\\":\\\"imamkusniadi\\\",\\\"passwd\\\":\\\"123456\\\"}\"',	'http://127.0.0.1/elearning/?do=login',	'127.0.0.1',	'[]',	'{\"admin_last_login\":1576911895,\"admin_last_ip\":\"127.0.0.1\",\"admin_last_browser\":\"Mozilla\\/5.0 (Windows NT 10.0; Win64; x64) AppleWebKit\\/537.36 (KHTML, like Gecko) Chrome\\/79.0.3945.88 Safari\\/537.36\",\"updated\":1576911895,\"updated_by\":\"SinauID\"}',	NULL,	NULL,	NULL),
(36,	1576912062,	'imamkusniadi',	'admin_group',	'update',	'UPDATE admin_group SET admin_group_name = \'Super Admin\' , admin_group_role = \'{\"account_profile\":{\"detail\":\"1\",\"change_password\":\"1\"},\"admin\":{\"index\":\"1\",\"add\":\"1\",\"update\":\"1\"},\"admin_group\":{\"index\":\"1\",\"add\":\"1\",\"update\":\"1\",\"delete\":\"1\"}}\' , admin_group_status = \'1\' , updated = \'1576912062\' , updated_by = \'imamkusniadi\' WHERE admin_group_id = 1',	'\"{\\\"txtGroupName\\\":\\\"Super Admin\\\",\\\"cbStatus\\\":\\\"1\\\",\\\"cbxGroupRoles\\\":{\\\"account_profile\\\":{\\\"detail\\\":\\\"1\\\",\\\"change_password\\\":\\\"1\\\"},\\\"admin\\\":{\\\"index\\\":\\\"1\\\",\\\"add\\\":\\\"1\\\",\\\"update\\\":\\\"1\\\"},\\\"admin_group\\\":{\\\"index\\\":\\\"1\\\",\\\"add\\\":\\\"1\\\",\\\"update\\\":\\\"1\\\",\\\"delete\\\":\\\"1\\\"}}}\"',	'http://127.0.0.1/elearning/?do=admin_group&act=update&id=1909',	'127.0.0.1',	'[]',	'{\"admin_group_name\":\"Super Admin\",\"admin_group_role\":\"{\\\"account_profile\\\":{\\\"detail\\\":\\\"1\\\",\\\"change_password\\\":\\\"1\\\"},\\\"admin\\\":{\\\"index\\\":\\\"1\\\",\\\"add\\\":\\\"1\\\",\\\"update\\\":\\\"1\\\"},\\\"admin_group\\\":{\\\"index\\\":\\\"1\\\",\\\"add\\\":\\\"1\\\",\\\"update\\\":\\\"1\\\",\\\"delete\\\":\\\"1\\\"}}\",\"admin_group_status\":\"1\",\"updated\":1576912062,\"updated_by\":\"imamkusniadi\"}',	NULL,	NULL,	NULL),
(37,	1576912116,	'SinauID',	'login',	'none',	'UPDATE admins SET admin_last_login = \'1576912116\' , admin_last_ip = \'127.0.0.1\' , admin_last_browser = \'Mozilla/5.0 (Windows NT 10.0; Win64; x64) AppleWebKit/537.36 (KHTML, like Gecko) Chrome/79.0.3945.88 Safari/537.36\' , updated = \'1576912116\' , updated_by = \'SinauID\' WHERE admin_id = 1',	'\"{\\\"login\\\":\\\"imamkusniadi\\\",\\\"passwd\\\":\\\"123456\\\"}\"',	'http://127.0.0.1/elearning/?do=login',	'127.0.0.1',	'[]',	'{\"admin_last_login\":1576912116,\"admin_last_ip\":\"127.0.0.1\",\"admin_last_browser\":\"Mozilla\\/5.0 (Windows NT 10.0; Win64; x64) AppleWebKit\\/537.36 (KHTML, like Gecko) Chrome\\/79.0.3945.88 Safari\\/537.36\",\"updated\":1576912116,\"updated_by\":\"SinauID\"}',	NULL,	NULL,	NULL),
(38,	1576912433,	'imamkusniadi',	'admin_group',	'update',	'UPDATE admin_group SET admin_group_name = \'Super Admin\' , admin_group_role = \'{\"dashboard\":{\"index\":\"1\"},\"change_logs\":{\"index\":\"1\"},\"config\":{\"index\":\"1\"},\"account_profile\":{\"detail\":\"1\",\"change_password\":\"1\"},\"admin\":{\"index\":\"1\",\"add\":\"1\",\"update\":\"1\",\"change_password\":\"1\",\"terminate\":\"1\"},\"admin_group\":{\"index\":\"1\",\"add\":\"1\",\"update\":\"1\",\"delete\":\"1\"},\"participant\":{\"index\":\"1\",\"add\":\"1\",\"update\":\"1\",\"change_password\":\"1\",\"terminate\":\"1\"},\"participant_group\":{\"index\":\"1\",\"add\":\"1\",\"update\":\"1\",\"delete\":\"1\"},\"question\":{\"index\":\"1\",\"add\":\"1\",\"update\":\"1\",\"delete\":\"1\"},\"question_group\":{\"index\":\"1\",\"add\":\"1\",\"update\":\"1\",\"delete\":\"1\"},\"question_type\":{\"index\":\"1\",\"add\":\"1\",\"update\":\"1\",\"delete\":\"1\"},\"answer\":{\"index\":\"1\",\"add\":\"1\",\"update\":\"1\",\"delete\":\"1\"}}\' , admin_group_status = \'1\' , updated = \'1576912433\' , updated_by = \'imamkusniadi\' WHERE admin_group_id = 1',	'\"{\\\"txtGroupName\\\":\\\"Super Admin\\\",\\\"cbStatus\\\":\\\"1\\\",\\\"cbxGroupRoles\\\":{\\\"dashboard\\\":{\\\"index\\\":\\\"1\\\"},\\\"change_logs\\\":{\\\"index\\\":\\\"1\\\"},\\\"config\\\":{\\\"index\\\":\\\"1\\\"},\\\"account_profile\\\":{\\\"detail\\\":\\\"1\\\",\\\"change_password\\\":\\\"1\\\"},\\\"admin\\\":{\\\"index\\\":\\\"1\\\",\\\"add\\\":\\\"1\\\",\\\"update\\\":\\\"1\\\",\\\"change_password\\\":\\\"1\\\",\\\"terminate\\\":\\\"1\\\"},\\\"admin_group\\\":{\\\"index\\\":\\\"1\\\",\\\"add\\\":\\\"1\\\",\\\"update\\\":\\\"1\\\",\\\"delete\\\":\\\"1\\\"},\\\"participant\\\":{\\\"index\\\":\\\"1\\\",\\\"add\\\":\\\"1\\\",\\\"update\\\":\\\"1\\\",\\\"change_password\\\":\\\"1\\\",\\\"terminate\\\":\\\"1\\\"},\\\"participant_group\\\":{\\\"index\\\":\\\"1\\\",\\\"add\\\":\\\"1\\\",\\\"update\\\":\\\"1\\\",\\\"delete\\\":\\\"1\\\"},\\\"question\\\":{\\\"index\\\":\\\"1\\\",\\\"add\\\":\\\"1\\\",\\\"update\\\":\\\"1\\\",\\\"delete\\\":\\\"1\\\"},\\\"question_group\\\":{\\\"index\\\":\\\"1\\\",\\\"add\\\":\\\"1\\\",\\\"update\\\":\\\"1\\\",\\\"delete\\\":\\\"1\\\"},\\\"question_type\\\":{\\\"index\\\":\\\"1\\\",\\\"add\\\":\\\"1\\\",\\\"update\\\":\\\"1\\\",\\\"delete\\\":\\\"1\\\"},\\\"answer\\\":{\\\"index\\\":\\\"1\\\",\\\"add\\\":\\\"1\\\",\\\"update\\\":\\\"1\\\",\\\"delete\\\":\\\"1\\\"}}}\"',	'http://127.0.0.1/elearning/?do=admin_group&act=update&id=1909',	'127.0.0.1',	'[]',	'{\"admin_group_name\":\"Super Admin\",\"admin_group_role\":\"{\\\"dashboard\\\":{\\\"index\\\":\\\"1\\\"},\\\"change_logs\\\":{\\\"index\\\":\\\"1\\\"},\\\"config\\\":{\\\"index\\\":\\\"1\\\"},\\\"account_profile\\\":{\\\"detail\\\":\\\"1\\\",\\\"change_password\\\":\\\"1\\\"},\\\"admin\\\":{\\\"index\\\":\\\"1\\\",\\\"add\\\":\\\"1\\\",\\\"update\\\":\\\"1\\\",\\\"change_password\\\":\\\"1\\\",\\\"terminate\\\":\\\"1\\\"},\\\"admin_group\\\":{\\\"index\\\":\\\"1\\\",\\\"add\\\":\\\"1\\\",\\\"update\\\":\\\"1\\\",\\\"delete\\\":\\\"1\\\"},\\\"participant\\\":{\\\"index\\\":\\\"1\\\",\\\"add\\\":\\\"1\\\",\\\"update\\\":\\\"1\\\",\\\"change_password\\\":\\\"1\\\",\\\"terminate\\\":\\\"1\\\"},\\\"participant_group\\\":{\\\"index\\\":\\\"1\\\",\\\"add\\\":\\\"1\\\",\\\"update\\\":\\\"1\\\",\\\"delete\\\":\\\"1\\\"},\\\"question\\\":{\\\"index\\\":\\\"1\\\",\\\"add\\\":\\\"1\\\",\\\"update\\\":\\\"1\\\",\\\"delete\\\":\\\"1\\\"},\\\"question_group\\\":{\\\"index\\\":\\\"1\\\",\\\"add\\\":\\\"1\\\",\\\"update\\\":\\\"1\\\",\\\"delete\\\":\\\"1\\\"},\\\"question_type\\\":{\\\"index\\\":\\\"1\\\",\\\"add\\\":\\\"1\\\",\\\"update\\\":\\\"1\\\",\\\"delete\\\":\\\"1\\\"},\\\"answer\\\":{\\\"index\\\":\\\"1\\\",\\\"add\\\":\\\"1\\\",\\\"update\\\":\\\"1\\\",\\\"delete\\\":\\\"1\\\"}}\",\"admin_group_status\":\"1\",\"updated\":1576912433,\"updated_by\":\"imamkusniadi\"}',	NULL,	NULL,	NULL),
(39,	1576912441,	'SinauID',	'login',	'none',	'UPDATE admins SET admin_last_login = \'1576912441\' , admin_last_ip = \'127.0.0.1\' , admin_last_browser = \'Mozilla/5.0 (Windows NT 10.0; Win64; x64) AppleWebKit/537.36 (KHTML, like Gecko) Chrome/79.0.3945.88 Safari/537.36\' , updated = \'1576912441\' , updated_by = \'SinauID\' WHERE admin_id = 1',	'\"{\\\"login\\\":\\\"imamkusniadi\\\",\\\"passwd\\\":\\\"123456\\\"}\"',	'http://127.0.0.1/elearning/?do=login',	'127.0.0.1',	'[]',	'{\"admin_last_login\":1576912441,\"admin_last_ip\":\"127.0.0.1\",\"admin_last_browser\":\"Mozilla\\/5.0 (Windows NT 10.0; Win64; x64) AppleWebKit\\/537.36 (KHTML, like Gecko) Chrome\\/79.0.3945.88 Safari\\/537.36\",\"updated\":1576912441,\"updated_by\":\"SinauID\"}',	NULL,	NULL,	NULL),
(40,	1576913030,	'SinauID',	'login',	'none',	'UPDATE admins SET admin_last_login = \'1576913030\' , admin_last_ip = \'127.0.0.1\' , admin_last_browser = \'Mozilla/5.0 (Windows NT 10.0; Win64; x64) AppleWebKit/537.36 (KHTML, like Gecko) Chrome/79.0.3945.88 Safari/537.36\' , updated = \'1576913030\' , updated_by = \'SinauID\' WHERE admin_id = 1',	'\"{\\\"login\\\":\\\"imamkusniadi\\\",\\\"passwd\\\":\\\"123456\\\"}\"',	'http://127.0.0.1/elearning/?do=login',	'127.0.0.1',	'[]',	'{\"admin_last_login\":1576913030,\"admin_last_ip\":\"127.0.0.1\",\"admin_last_browser\":\"Mozilla\\/5.0 (Windows NT 10.0; Win64; x64) AppleWebKit\\/537.36 (KHTML, like Gecko) Chrome\\/79.0.3945.88 Safari\\/537.36\",\"updated\":1576913030,\"updated_by\":\"SinauID\"}',	NULL,	NULL,	NULL),
(41,	1576913138,	'imamkusniadi',	'admin_group',	'update',	'UPDATE admin_group SET admin_group_name = \'Super Admin\' , admin_group_role = \'{\"dashboard\":{\"index\":\"1\"},\"change_logs\":{\"index\":\"1\"},\"config\":{\"index\":\"1\"},\"account_profile\":{\"detail\":\"1\",\"change_password\":\"1\"},\"admin\":{\"index\":\"1\",\"add\":\"1\",\"update\":\"1\",\"change_password\":\"1\",\"terminate\":\"1\"},\"admin_group\":{\"index\":\"1\",\"add\":\"1\",\"update\":\"1\",\"delete\":\"1\"},\"participant\":{\"index\":\"1\",\"add\":\"1\",\"update\":\"1\",\"change_password\":\"1\",\"terminate\":\"1\"},\"participant_group\":{\"index\":\"1\",\"add\":\"1\",\"update\":\"1\",\"delete\":\"1\"},\"module\":{\"index\":\"1\",\"add\":\"1\",\"update\":\"1\",\"delete\":\"1\"},\"module_group\":{\"index\":\"1\",\"add\":\"1\",\"update\":\"1\",\"delete\":\"1\"},\"module_type\":{\"index\":\"1\",\"add\":\"1\",\"update\":\"1\",\"delete\":\"1\"},\"question\":{\"index\":\"1\",\"add\":\"1\",\"update\":\"1\",\"delete\":\"1\"},\"question_group\":{\"index\":\"1\",\"add\":\"1\",\"update\":\"1\",\"delete\":\"1\"},\"question_type\":{\"index\":\"1\",\"add\":\"1\",\"update\":\"1\",\"delete\":\"1\"},\"answer\":{\"index\":\"1\",\"add\":\"1\",\"update\":\"1\",\"delete\":\"1\"}}\' , admin_group_status = \'1\' , updated = \'1576913138\' , updated_by = \'imamkusniadi\' WHERE admin_group_id = 1',	'\"{\\\"txtGroupName\\\":\\\"Super Admin\\\",\\\"cbStatus\\\":\\\"1\\\",\\\"cbxGroupRoles\\\":{\\\"dashboard\\\":{\\\"index\\\":\\\"1\\\"},\\\"change_logs\\\":{\\\"index\\\":\\\"1\\\"},\\\"config\\\":{\\\"index\\\":\\\"1\\\"},\\\"account_profile\\\":{\\\"detail\\\":\\\"1\\\",\\\"change_password\\\":\\\"1\\\"},\\\"admin\\\":{\\\"index\\\":\\\"1\\\",\\\"add\\\":\\\"1\\\",\\\"update\\\":\\\"1\\\",\\\"change_password\\\":\\\"1\\\",\\\"terminate\\\":\\\"1\\\"},\\\"admin_group\\\":{\\\"index\\\":\\\"1\\\",\\\"add\\\":\\\"1\\\",\\\"update\\\":\\\"1\\\",\\\"delete\\\":\\\"1\\\"},\\\"participant\\\":{\\\"index\\\":\\\"1\\\",\\\"add\\\":\\\"1\\\",\\\"update\\\":\\\"1\\\",\\\"change_password\\\":\\\"1\\\",\\\"terminate\\\":\\\"1\\\"},\\\"participant_group\\\":{\\\"index\\\":\\\"1\\\",\\\"add\\\":\\\"1\\\",\\\"update\\\":\\\"1\\\",\\\"delete\\\":\\\"1\\\"},\\\"module\\\":{\\\"index\\\":\\\"1\\\",\\\"add\\\":\\\"1\\\",\\\"update\\\":\\\"1\\\",\\\"delete\\\":\\\"1\\\"},\\\"module_group\\\":{\\\"index\\\":\\\"1\\\",\\\"add\\\":\\\"1\\\",\\\"update\\\":\\\"1\\\",\\\"delete\\\":\\\"1\\\"},\\\"module_type\\\":{\\\"index\\\":\\\"1\\\",\\\"add\\\":\\\"1\\\",\\\"update\\\":\\\"1\\\",\\\"delete\\\":\\\"1\\\"},\\\"question\\\":{\\\"index\\\":\\\"1\\\",\\\"add\\\":\\\"1\\\",\\\"update\\\":\\\"1\\\",\\\"delete\\\":\\\"1\\\"},\\\"question_group\\\":{\\\"index\\\":\\\"1\\\",\\\"add\\\":\\\"1\\\",\\\"update\\\":\\\"1\\\",\\\"delete\\\":\\\"1\\\"},\\\"question_type\\\":{\\\"index\\\":\\\"1\\\",\\\"add\\\":\\\"1\\\",\\\"update\\\":\\\"1\\\",\\\"delete\\\":\\\"1\\\"},\\\"answer\\\":{\\\"index\\\":\\\"1\\\",\\\"add\\\":\\\"1\\\",\\\"update\\\":\\\"1\\\",\\\"delete\\\":\\\"1\\\"}}}\"',	'http://127.0.0.1/elearning/?do=admin_group&act=update&id=1909',	'127.0.0.1',	'[]',	'{\"admin_group_name\":\"Super Admin\",\"admin_group_role\":\"{\\\"dashboard\\\":{\\\"index\\\":\\\"1\\\"},\\\"change_logs\\\":{\\\"index\\\":\\\"1\\\"},\\\"config\\\":{\\\"index\\\":\\\"1\\\"},\\\"account_profile\\\":{\\\"detail\\\":\\\"1\\\",\\\"change_password\\\":\\\"1\\\"},\\\"admin\\\":{\\\"index\\\":\\\"1\\\",\\\"add\\\":\\\"1\\\",\\\"update\\\":\\\"1\\\",\\\"change_password\\\":\\\"1\\\",\\\"terminate\\\":\\\"1\\\"},\\\"admin_group\\\":{\\\"index\\\":\\\"1\\\",\\\"add\\\":\\\"1\\\",\\\"update\\\":\\\"1\\\",\\\"delete\\\":\\\"1\\\"},\\\"participant\\\":{\\\"index\\\":\\\"1\\\",\\\"add\\\":\\\"1\\\",\\\"update\\\":\\\"1\\\",\\\"change_password\\\":\\\"1\\\",\\\"terminate\\\":\\\"1\\\"},\\\"participant_group\\\":{\\\"index\\\":\\\"1\\\",\\\"add\\\":\\\"1\\\",\\\"update\\\":\\\"1\\\",\\\"delete\\\":\\\"1\\\"},\\\"module\\\":{\\\"index\\\":\\\"1\\\",\\\"add\\\":\\\"1\\\",\\\"update\\\":\\\"1\\\",\\\"delete\\\":\\\"1\\\"},\\\"module_group\\\":{\\\"index\\\":\\\"1\\\",\\\"add\\\":\\\"1\\\",\\\"update\\\":\\\"1\\\",\\\"delete\\\":\\\"1\\\"},\\\"module_type\\\":{\\\"index\\\":\\\"1\\\",\\\"add\\\":\\\"1\\\",\\\"update\\\":\\\"1\\\",\\\"delete\\\":\\\"1\\\"},\\\"question\\\":{\\\"index\\\":\\\"1\\\",\\\"add\\\":\\\"1\\\",\\\"update\\\":\\\"1\\\",\\\"delete\\\":\\\"1\\\"},\\\"question_group\\\":{\\\"index\\\":\\\"1\\\",\\\"add\\\":\\\"1\\\",\\\"update\\\":\\\"1\\\",\\\"delete\\\":\\\"1\\\"},\\\"question_type\\\":{\\\"index\\\":\\\"1\\\",\\\"add\\\":\\\"1\\\",\\\"update\\\":\\\"1\\\",\\\"delete\\\":\\\"1\\\"},\\\"answer\\\":{\\\"index\\\":\\\"1\\\",\\\"add\\\":\\\"1\\\",\\\"update\\\":\\\"1\\\",\\\"delete\\\":\\\"1\\\"}}\",\"admin_group_status\":\"1\",\"updated\":1576913138,\"updated_by\":\"imamkusniadi\"}',	NULL,	NULL,	NULL),
(42,	1576913194,	'imamkusniadi',	'admin_group',	'update',	'UPDATE admin_group SET admin_group_name = \'Mentor\' , admin_group_role = \'{\"dashboard\":{\"index\":\"1\"},\"change_logs\":{\"index\":\"1\"},\"account_profile\":{\"detail\":\"1\",\"change_password\":\"1\"},\"module\":{\"index\":\"1\",\"add\":\"1\",\"update\":\"1\",\"delete\":\"1\"},\"module_group\":{\"index\":\"1\",\"add\":\"1\",\"update\":\"1\",\"delete\":\"1\"},\"module_type\":{\"index\":\"1\",\"add\":\"1\",\"update\":\"1\",\"delete\":\"1\"},\"question\":{\"index\":\"1\",\"add\":\"1\",\"update\":\"1\",\"delete\":\"1\"},\"question_group\":{\"index\":\"1\",\"add\":\"1\",\"update\":\"1\",\"delete\":\"1\"},\"question_type\":{\"index\":\"1\",\"add\":\"1\",\"update\":\"1\",\"delete\":\"1\"},\"answer\":{\"index\":\"1\",\"add\":\"1\",\"update\":\"1\",\"delete\":\"1\"}}\' , admin_group_status = \'1\' , updated = \'1576913194\' , updated_by = \'imamkusniadi\' WHERE admin_group_id = 11',	'\"{\\\"txtGroupName\\\":\\\"Mentor\\\",\\\"cbStatus\\\":\\\"1\\\",\\\"cbxGroupRoles\\\":{\\\"dashboard\\\":{\\\"index\\\":\\\"1\\\"},\\\"change_logs\\\":{\\\"index\\\":\\\"1\\\"},\\\"account_profile\\\":{\\\"detail\\\":\\\"1\\\",\\\"change_password\\\":\\\"1\\\"},\\\"module\\\":{\\\"index\\\":\\\"1\\\",\\\"add\\\":\\\"1\\\",\\\"update\\\":\\\"1\\\",\\\"delete\\\":\\\"1\\\"},\\\"module_group\\\":{\\\"index\\\":\\\"1\\\",\\\"add\\\":\\\"1\\\",\\\"update\\\":\\\"1\\\",\\\"delete\\\":\\\"1\\\"},\\\"module_type\\\":{\\\"index\\\":\\\"1\\\",\\\"add\\\":\\\"1\\\",\\\"update\\\":\\\"1\\\",\\\"delete\\\":\\\"1\\\"},\\\"question\\\":{\\\"index\\\":\\\"1\\\",\\\"add\\\":\\\"1\\\",\\\"update\\\":\\\"1\\\",\\\"delete\\\":\\\"1\\\"},\\\"question_group\\\":{\\\"index\\\":\\\"1\\\",\\\"add\\\":\\\"1\\\",\\\"update\\\":\\\"1\\\",\\\"delete\\\":\\\"1\\\"},\\\"question_type\\\":{\\\"index\\\":\\\"1\\\",\\\"add\\\":\\\"1\\\",\\\"update\\\":\\\"1\\\",\\\"delete\\\":\\\"1\\\"},\\\"answer\\\":{\\\"index\\\":\\\"1\\\",\\\"add\\\":\\\"1\\\",\\\"update\\\":\\\"1\\\",\\\"delete\\\":\\\"1\\\"}}}\"',	'http://127.0.0.1/elearning/?do=admin_group&act=update&id=20999',	'127.0.0.1',	'[]',	'{\"admin_group_name\":\"Mentor\",\"admin_group_role\":\"{\\\"dashboard\\\":{\\\"index\\\":\\\"1\\\"},\\\"change_logs\\\":{\\\"index\\\":\\\"1\\\"},\\\"account_profile\\\":{\\\"detail\\\":\\\"1\\\",\\\"change_password\\\":\\\"1\\\"},\\\"module\\\":{\\\"index\\\":\\\"1\\\",\\\"add\\\":\\\"1\\\",\\\"update\\\":\\\"1\\\",\\\"delete\\\":\\\"1\\\"},\\\"module_group\\\":{\\\"index\\\":\\\"1\\\",\\\"add\\\":\\\"1\\\",\\\"update\\\":\\\"1\\\",\\\"delete\\\":\\\"1\\\"},\\\"module_type\\\":{\\\"index\\\":\\\"1\\\",\\\"add\\\":\\\"1\\\",\\\"update\\\":\\\"1\\\",\\\"delete\\\":\\\"1\\\"},\\\"question\\\":{\\\"index\\\":\\\"1\\\",\\\"add\\\":\\\"1\\\",\\\"update\\\":\\\"1\\\",\\\"delete\\\":\\\"1\\\"},\\\"question_group\\\":{\\\"index\\\":\\\"1\\\",\\\"add\\\":\\\"1\\\",\\\"update\\\":\\\"1\\\",\\\"delete\\\":\\\"1\\\"},\\\"question_type\\\":{\\\"index\\\":\\\"1\\\",\\\"add\\\":\\\"1\\\",\\\"update\\\":\\\"1\\\",\\\"delete\\\":\\\"1\\\"},\\\"answer\\\":{\\\"index\\\":\\\"1\\\",\\\"add\\\":\\\"1\\\",\\\"update\\\":\\\"1\\\",\\\"delete\\\":\\\"1\\\"}}\",\"admin_group_status\":\"1\",\"updated\":1576913194,\"updated_by\":\"imamkusniadi\"}',	NULL,	NULL,	NULL),
(43,	1576913698,	'imamkusniadi',	'admin_group',	'update',	'UPDATE admin_group SET admin_group_name = \'Super Admin\' , admin_group_role = \'{\"dashboard\":{\"index\":\"1\"},\"change_logs\":{\"index\":\"1\"},\"config\":{\"index\":\"1\"},\"account_profile\":{\"detail\":\"1\",\"change_password\":\"1\"},\"admin\":{\"index\":\"1\",\"add\":\"1\",\"update\":\"1\",\"detail\":\"1\",\"change_password\":\"1\",\"terminate\":\"1\"},\"admin_group\":{\"index\":\"1\",\"add\":\"1\",\"update\":\"1\",\"detail\":\"1\",\"delete\":\"1\"},\"participant\":{\"index\":\"1\",\"add\":\"1\",\"update\":\"1\",\"detail\":\"1\",\"change_password\":\"1\",\"terminate\":\"1\"},\"participant_group\":{\"index\":\"1\",\"add\":\"1\",\"update\":\"1\",\"detail\":\"1\",\"delete\":\"1\"},\"module\":{\"index\":\"1\",\"add\":\"1\",\"update\":\"1\",\"detail\":\"1\",\"delete\":\"1\"},\"module_group\":{\"index\":\"1\",\"add\":\"1\",\"update\":\"1\",\"detail\":\"1\",\"delete\":\"1\"},\"module_type\":{\"index\":\"1\",\"add\":\"1\",\"update\":\"1\",\"detail\":\"1\",\"delete\":\"1\"},\"question\":{\"index\":\"1\",\"add\":\"1\",\"update\":\"1\",\"detail\":\"1\",\"delete\":\"1\"},\"question_group\":{\"index\":\"1\",\"add\":\"1\",\"update\":\"1\",\"detail\":\"1\",\"delete\":\"1\"},\"question_type\":{\"index\":\"1\",\"add\":\"1\",\"update\":\"1\",\"detail\":\"1\",\"delete\":\"1\"},\"answer\":{\"index\":\"1\",\"add\":\"1\",\"update\":\"1\",\"detail\":\"1\",\"delete\":\"1\"}}\' , admin_group_status = \'1\' , updated = \'1576913698\' , updated_by = \'imamkusniadi\' WHERE admin_group_id = 1',	'\"{\\\"txtGroupName\\\":\\\"Super Admin\\\",\\\"cbStatus\\\":\\\"1\\\",\\\"cbxGroupRoles\\\":{\\\"dashboard\\\":{\\\"index\\\":\\\"1\\\"},\\\"change_logs\\\":{\\\"index\\\":\\\"1\\\"},\\\"config\\\":{\\\"index\\\":\\\"1\\\"},\\\"account_profile\\\":{\\\"detail\\\":\\\"1\\\",\\\"change_password\\\":\\\"1\\\"},\\\"admin\\\":{\\\"index\\\":\\\"1\\\",\\\"add\\\":\\\"1\\\",\\\"update\\\":\\\"1\\\",\\\"detail\\\":\\\"1\\\",\\\"change_password\\\":\\\"1\\\",\\\"terminate\\\":\\\"1\\\"},\\\"admin_group\\\":{\\\"index\\\":\\\"1\\\",\\\"add\\\":\\\"1\\\",\\\"update\\\":\\\"1\\\",\\\"detail\\\":\\\"1\\\",\\\"delete\\\":\\\"1\\\"},\\\"participant\\\":{\\\"index\\\":\\\"1\\\",\\\"add\\\":\\\"1\\\",\\\"update\\\":\\\"1\\\",\\\"detail\\\":\\\"1\\\",\\\"change_password\\\":\\\"1\\\",\\\"terminate\\\":\\\"1\\\"},\\\"participant_group\\\":{\\\"index\\\":\\\"1\\\",\\\"add\\\":\\\"1\\\",\\\"update\\\":\\\"1\\\",\\\"detail\\\":\\\"1\\\",\\\"delete\\\":\\\"1\\\"},\\\"module\\\":{\\\"index\\\":\\\"1\\\",\\\"add\\\":\\\"1\\\",\\\"update\\\":\\\"1\\\",\\\"detail\\\":\\\"1\\\",\\\"delete\\\":\\\"1\\\"},\\\"module_group\\\":{\\\"index\\\":\\\"1\\\",\\\"add\\\":\\\"1\\\",\\\"update\\\":\\\"1\\\",\\\"detail\\\":\\\"1\\\",\\\"delete\\\":\\\"1\\\"},\\\"module_type\\\":{\\\"index\\\":\\\"1\\\",\\\"add\\\":\\\"1\\\",\\\"update\\\":\\\"1\\\",\\\"detail\\\":\\\"1\\\",\\\"delete\\\":\\\"1\\\"},\\\"question\\\":{\\\"index\\\":\\\"1\\\",\\\"add\\\":\\\"1\\\",\\\"update\\\":\\\"1\\\",\\\"detail\\\":\\\"1\\\",\\\"delete\\\":\\\"1\\\"},\\\"question_group\\\":{\\\"index\\\":\\\"1\\\",\\\"add\\\":\\\"1\\\",\\\"update\\\":\\\"1\\\",\\\"detail\\\":\\\"1\\\",\\\"delete\\\":\\\"1\\\"},\\\"question_type\\\":{\\\"index\\\":\\\"1\\\",\\\"add\\\":\\\"1\\\",\\\"update\\\":\\\"1\\\",\\\"detail\\\":\\\"1\\\",\\\"delete\\\":\\\"1\\\"},\\\"answer\\\":{\\\"index\\\":\\\"1\\\",\\\"add\\\":\\\"1\\\",\\\"update\\\":\\\"1\\\",\\\"detail\\\":\\\"1\\\",\\\"delete\\\":\\\"1\\\"}}}\"',	'http://127.0.0.1/elearning/?do=admin_group&act=update&id=1909',	'127.0.0.1',	'[]',	'{\"admin_group_name\":\"Super Admin\",\"admin_group_role\":\"{\\\"dashboard\\\":{\\\"index\\\":\\\"1\\\"},\\\"change_logs\\\":{\\\"index\\\":\\\"1\\\"},\\\"config\\\":{\\\"index\\\":\\\"1\\\"},\\\"account_profile\\\":{\\\"detail\\\":\\\"1\\\",\\\"change_password\\\":\\\"1\\\"},\\\"admin\\\":{\\\"index\\\":\\\"1\\\",\\\"add\\\":\\\"1\\\",\\\"update\\\":\\\"1\\\",\\\"detail\\\":\\\"1\\\",\\\"change_password\\\":\\\"1\\\",\\\"terminate\\\":\\\"1\\\"},\\\"admin_group\\\":{\\\"index\\\":\\\"1\\\",\\\"add\\\":\\\"1\\\",\\\"update\\\":\\\"1\\\",\\\"detail\\\":\\\"1\\\",\\\"delete\\\":\\\"1\\\"},\\\"participant\\\":{\\\"index\\\":\\\"1\\\",\\\"add\\\":\\\"1\\\",\\\"update\\\":\\\"1\\\",\\\"detail\\\":\\\"1\\\",\\\"change_password\\\":\\\"1\\\",\\\"terminate\\\":\\\"1\\\"},\\\"participant_group\\\":{\\\"index\\\":\\\"1\\\",\\\"add\\\":\\\"1\\\",\\\"update\\\":\\\"1\\\",\\\"detail\\\":\\\"1\\\",\\\"delete\\\":\\\"1\\\"},\\\"module\\\":{\\\"index\\\":\\\"1\\\",\\\"add\\\":\\\"1\\\",\\\"update\\\":\\\"1\\\",\\\"detail\\\":\\\"1\\\",\\\"delete\\\":\\\"1\\\"},\\\"module_group\\\":{\\\"index\\\":\\\"1\\\",\\\"add\\\":\\\"1\\\",\\\"update\\\":\\\"1\\\",\\\"detail\\\":\\\"1\\\",\\\"delete\\\":\\\"1\\\"},\\\"module_type\\\":{\\\"index\\\":\\\"1\\\",\\\"add\\\":\\\"1\\\",\\\"update\\\":\\\"1\\\",\\\"detail\\\":\\\"1\\\",\\\"delete\\\":\\\"1\\\"},\\\"question\\\":{\\\"index\\\":\\\"1\\\",\\\"add\\\":\\\"1\\\",\\\"update\\\":\\\"1\\\",\\\"detail\\\":\\\"1\\\",\\\"delete\\\":\\\"1\\\"},\\\"question_group\\\":{\\\"index\\\":\\\"1\\\",\\\"add\\\":\\\"1\\\",\\\"update\\\":\\\"1\\\",\\\"detail\\\":\\\"1\\\",\\\"delete\\\":\\\"1\\\"},\\\"question_type\\\":{\\\"index\\\":\\\"1\\\",\\\"add\\\":\\\"1\\\",\\\"update\\\":\\\"1\\\",\\\"detail\\\":\\\"1\\\",\\\"delete\\\":\\\"1\\\"},\\\"answer\\\":{\\\"index\\\":\\\"1\\\",\\\"add\\\":\\\"1\\\",\\\"update\\\":\\\"1\\\",\\\"detail\\\":\\\"1\\\",\\\"delete\\\":\\\"1\\\"}}\",\"admin_group_status\":\"1\",\"updated\":1576913698,\"updated_by\":\"imamkusniadi\"}',	NULL,	NULL,	NULL),
(44,	1576913706,	'SinauID',	'login',	'none',	'UPDATE admins SET admin_last_login = \'1576913706\' , admin_last_ip = \'127.0.0.1\' , admin_last_browser = \'Mozilla/5.0 (Windows NT 10.0; Win64; x64) AppleWebKit/537.36 (KHTML, like Gecko) Chrome/79.0.3945.88 Safari/537.36\' , updated = \'1576913706\' , updated_by = \'SinauID\' WHERE admin_id = 1',	'\"{\\\"login\\\":\\\"imamkusniadi\\\",\\\"passwd\\\":\\\"123456\\\"}\"',	'http://127.0.0.1/elearning/?do=login',	'127.0.0.1',	'[]',	'{\"admin_last_login\":1576913706,\"admin_last_ip\":\"127.0.0.1\",\"admin_last_browser\":\"Mozilla\\/5.0 (Windows NT 10.0; Win64; x64) AppleWebKit\\/537.36 (KHTML, like Gecko) Chrome\\/79.0.3945.88 Safari\\/537.36\",\"updated\":1576913706,\"updated_by\":\"SinauID\"}',	NULL,	NULL,	NULL),
(45,	1576914926,	'imamkusniadi',	'question_group',	'add',	'INSERT INTO question_group (question_group_name, question_group_status, created, created_by, updated, updated_by) VALUES (\'Kalkulus\', \'1\', \'1576914926\', \'imamkusniadi\', \'1576914926\', \'imamkusniadi\')',	'\"{\\\"txtGroupName\\\":\\\"Kalkulus\\\",\\\"cbStatus\\\":\\\"1\\\"}\"',	'http://127.0.0.1/elearning/?do=question_group&act=add',	'127.0.0.1',	'[]',	'{\"question_group_name\":\"Kalkulus\",\"question_group_status\":\"1\",\"created\":1576914926,\"created_by\":\"imamkusniadi\",\"updated\":1576914926,\"updated_by\":\"imamkusniadi\"}',	NULL,	NULL,	NULL),
(46,	1576915310,	'SinauID',	'login',	'none',	'UPDATE admins SET admin_last_login = \'1576915310\' , admin_last_ip = \'127.0.0.1\' , admin_last_browser = \'Mozilla/5.0 (Windows NT 10.0; Win64; x64) AppleWebKit/537.36 (KHTML, like Gecko) Chrome/79.0.3945.88 Safari/537.36\' , updated = \'1576915310\' , updated_by = \'SinauID\' WHERE admin_id = 1',	'\"{\\\"login\\\":\\\"imamkusniadi\\\",\\\"passwd\\\":\\\"123456\\\"}\"',	'http://127.0.0.1/elearning/?do=login',	'127.0.0.1',	'[]',	'{\"admin_last_login\":1576915310,\"admin_last_ip\":\"127.0.0.1\",\"admin_last_browser\":\"Mozilla\\/5.0 (Windows NT 10.0; Win64; x64) AppleWebKit\\/537.36 (KHTML, like Gecko) Chrome\\/79.0.3945.88 Safari\\/537.36\",\"updated\":1576915310,\"updated_by\":\"SinauID\"}',	NULL,	NULL,	NULL),
(47,	1576915647,	'imamkusniadi',	'question_group',	'update',	'UPDATE question_group SET question_group_name = \'Kalkulus\' , question_group_status = \'1\' , updated = \'1576915647\' , updated_by = \'imamkusniadi\' WHERE question_group_id = 1',	'\"{\\\"txtGroupName\\\":\\\"Kalkulus\\\",\\\"cbStatus\\\":\\\"1\\\"}\"',	'http://127.0.0.1/elearning/?do=question_group&act=update&id=1909',	'127.0.0.1',	'[]',	'{\"question_group_name\":\"Kalkulus\",\"question_group_status\":\"1\",\"updated\":1576915647,\"updated_by\":\"imamkusniadi\"}',	NULL,	NULL,	NULL),
(48,	1576916228,	'SinauID',	'login',	'none',	'UPDATE admins SET admin_last_login = \'1576916228\' , admin_last_ip = \'127.0.0.1\' , admin_last_browser = \'Mozilla/5.0 (Windows NT 10.0; Win64; x64) AppleWebKit/537.36 (KHTML, like Gecko) Chrome/79.0.3945.88 Safari/537.36\' , updated = \'1576916228\' , updated_by = \'SinauID\' WHERE admin_id = 1',	'\"{\\\"login\\\":\\\"imamkusniadi\\\",\\\"passwd\\\":\\\"123456\\\"}\"',	'http://127.0.0.1/elearning/?do=login',	'127.0.0.1',	'[]',	'{\"admin_last_login\":1576916228,\"admin_last_ip\":\"127.0.0.1\",\"admin_last_browser\":\"Mozilla\\/5.0 (Windows NT 10.0; Win64; x64) AppleWebKit\\/537.36 (KHTML, like Gecko) Chrome\\/79.0.3945.88 Safari\\/537.36\",\"updated\":1576916228,\"updated_by\":\"SinauID\"}',	NULL,	NULL,	NULL),
(49,	1576918864,	'imamkusniadi',	'question_group',	'update',	'UPDATE question_group SET question_group_name = \'Kalkulus\' , question_group_status = \'1\' , updated = \'1576918864\' , updated_by = \'imamkusniadi\' WHERE question_group_id = 1',	'\"{\\\"txtGroupName\\\":\\\"Kalkulus\\\",\\\"cbStatus\\\":\\\"1\\\"}\"',	'http://127.0.0.1/elearning/?do=question_group&act=update&id=1909',	'127.0.0.1',	'[]',	'{\"question_group_name\":\"Kalkulus\",\"question_group_status\":\"1\",\"updated\":1576918864,\"updated_by\":\"imamkusniadi\"}',	NULL,	NULL,	NULL),
(50,	1576918865,	'imamkusniadi',	'question_group',	'update',	'UPDATE question_group SET question_group_name = \'Kalkulus\' , question_group_status = \'1\' , updated = \'1576918865\' , updated_by = \'imamkusniadi\' WHERE question_group_id = 1',	'\"{\\\"txtGroupName\\\":\\\"Kalkulus\\\",\\\"cbStatus\\\":\\\"1\\\"}\"',	'http://127.0.0.1/elearning/?do=question_group&act=update&id=1909',	'127.0.0.1',	'[]',	'{\"question_group_name\":\"Kalkulus\",\"question_group_status\":\"1\",\"updated\":1576918865,\"updated_by\":\"imamkusniadi\"}',	NULL,	NULL,	NULL),
(51,	1576918867,	'imamkusniadi',	'question_group',	'update',	'UPDATE question_group SET question_group_name = \'Kalkulus\' , question_group_status = \'1\' , updated = \'1576918867\' , updated_by = \'imamkusniadi\' WHERE question_group_id = 1',	'\"{\\\"txtGroupName\\\":\\\"Kalkulus\\\",\\\"cbStatus\\\":\\\"1\\\"}\"',	'http://127.0.0.1/elearning/?do=question_group&act=update&id=1909',	'127.0.0.1',	'[]',	'{\"question_group_name\":\"Kalkulus\",\"question_group_status\":\"1\",\"updated\":1576918867,\"updated_by\":\"imamkusniadi\"}',	NULL,	NULL,	NULL),
(52,	1576918873,	'imamkusniadi',	'question_group',	'update',	'UPDATE question_group SET question_group_name = \'Kalkulus\' , question_group_status = \'1\' , updated = \'1576918873\' , updated_by = \'imamkusniadi\' WHERE question_group_id = 1',	'\"{\\\"txtGroupName\\\":\\\"Kalkulus\\\",\\\"cbStatus\\\":\\\"1\\\"}\"',	'http://127.0.0.1/elearning/?do=question_group&act=update&id=1909',	'127.0.0.1',	'[]',	'{\"question_group_name\":\"Kalkulus\",\"question_group_status\":\"1\",\"updated\":1576918873,\"updated_by\":\"imamkusniadi\"}',	NULL,	NULL,	NULL),
(53,	1576918990,	'SinauID',	'register',	'none',	'INSERT INTO participants (participant_name, participant_email, participant_login, participant_password, participant_group_id, participant_forgot_status, participant_status, created, created_by, updated, updated_by) VALUES (\'\', \'\', \'\', \'1234483914f10abda05ad45788659db27c8d0019\', \'1\', \'2\', \'1\', \'1576918990\', \'SinauID\', \'1576918990\', \'SinauID\')',	'\"{\\\"name\\\":\\\"\\\",\\\"login\\\":\\\"\\\",\\\"email\\\":\\\"\\\",\\\"passwd\\\":\\\"\\\",\\\"confirm_passwd\\\":\\\"\\\"}\"',	'http://127.0.0.1/elearning/?do=register',	'127.0.0.1',	'[]',	'{\"participant_name\":\"\",\"participant_email\":\"\",\"participant_login\":\"\",\"participant_password\":\"1234483914f10abda05ad45788659db27c8d0019\",\"participant_group_id\":1,\"participant_forgot_status\":2,\"participant_status\":1,\"created\":1576918990,\"created_by\":\"SinauID\",\"updated\":1576918990,\"updated_by\":\"SinauID\"}',	NULL,	NULL,	NULL),
(54,	1576967391,	'SinauID',	'login',	'none',	'UPDATE admins SET admin_last_login = \'1576967391\' , admin_last_ip = \'127.0.0.1\' , admin_last_browser = \'Mozilla/5.0 (Windows NT 10.0; Win64; x64) AppleWebKit/537.36 (KHTML, like Gecko) Chrome/79.0.3945.88 Safari/537.36\' , updated = \'1576967391\' , updated_by = \'SinauID\' WHERE admin_id = 1',	'\"{\\\"login\\\":\\\"imamkusniadi\\\",\\\"passwd\\\":\\\"123456\\\"}\"',	'http://127.0.0.1/elearning/?do=login',	'127.0.0.1',	'[]',	'{\"admin_last_login\":1576967391,\"admin_last_ip\":\"127.0.0.1\",\"admin_last_browser\":\"Mozilla\\/5.0 (Windows NT 10.0; Win64; x64) AppleWebKit\\/537.36 (KHTML, like Gecko) Chrome\\/79.0.3945.88 Safari\\/537.36\",\"updated\":1576967391,\"updated_by\":\"SinauID\"}',	NULL,	NULL,	NULL),
(55,	1576976709,	'SinauID',	'login',	'none',	'UPDATE admins SET admin_last_login = \'1576976709\' , admin_last_ip = \'127.0.0.1\' , admin_last_browser = \'Mozilla/5.0 (Windows NT 10.0; Win64; x64) AppleWebKit/537.36 (KHTML, like Gecko) Chrome/79.0.3945.88 Safari/537.36\' , updated = \'1576976709\' , updated_by = \'SinauID\' WHERE admin_id = 1',	'\"{\\\"login\\\":\\\"imamkusniadi\\\",\\\"passwd\\\":\\\"123456\\\"}\"',	'http://127.0.0.1/elearning/?do=login',	'127.0.0.1',	'[]',	'{\"admin_last_login\":1576976709,\"admin_last_ip\":\"127.0.0.1\",\"admin_last_browser\":\"Mozilla\\/5.0 (Windows NT 10.0; Win64; x64) AppleWebKit\\/537.36 (KHTML, like Gecko) Chrome\\/79.0.3945.88 Safari\\/537.36\",\"updated\":1576976709,\"updated_by\":\"SinauID\"}',	NULL,	NULL,	NULL),
(56,	1576978064,	'imamkusniadi',	'question_group',	'update',	'UPDATE question_group SET question_group_name = \'Kalkulus\' , question_group_status = \'1\' , updated = \'1576978064\' , updated_by = \'imamkusniadi\' WHERE question_group_id = 1',	'\"{\\\"txtGroupName\\\":\\\"Kalkulus\\\",\\\"cbStatus\\\":\\\"1\\\"}\"',	'http://127.0.0.1/elearning/?do=question_group&act=update&id=1909',	'127.0.0.1',	'[]',	'{\"question_group_name\":\"Kalkulus\",\"question_group_status\":\"1\",\"updated\":1576978064,\"updated_by\":\"imamkusniadi\"}',	NULL,	NULL,	NULL),
(57,	1576979500,	'imamkusniadi',	'participant_group',	'update',	'UPDATE participant_group SET participant_group_name = \'Reguler\' , participant_group_role = \'{\"dashboard\":{\"index\":\"1\"},\"change_logs\":{\"index\":\"1\"},\"account_profile\":{\"detail\":\"1\",\"change_password\":\"1\"},\"module\":{\"index\":\"1\"},\"question\":{\"index\":\"1\",\"record\":\"1\"}}\' , participant_group_status = \'1\' , updated = \'1576979500\' , updated_by = \'imamkusniadi\' WHERE participant_group_id = 1',	'\"{\\\"txtGroupName\\\":\\\"Reguler\\\",\\\"cbStatus\\\":\\\"1\\\",\\\"cbxGroupRoles\\\":{\\\"dashboard\\\":{\\\"index\\\":\\\"1\\\"},\\\"change_logs\\\":{\\\"index\\\":\\\"1\\\"},\\\"account_profile\\\":{\\\"detail\\\":\\\"1\\\",\\\"change_password\\\":\\\"1\\\"},\\\"module\\\":{\\\"index\\\":\\\"1\\\"},\\\"question\\\":{\\\"index\\\":\\\"1\\\",\\\"record\\\":\\\"1\\\"}}}\"',	'http://127.0.0.1/elearning/?do=participant_group&act=update&id=1909',	'127.0.0.1',	'[]',	'{\"participant_group_name\":\"Reguler\",\"participant_group_role\":\"{\\\"dashboard\\\":{\\\"index\\\":\\\"1\\\"},\\\"change_logs\\\":{\\\"index\\\":\\\"1\\\"},\\\"account_profile\\\":{\\\"detail\\\":\\\"1\\\",\\\"change_password\\\":\\\"1\\\"},\\\"module\\\":{\\\"index\\\":\\\"1\\\"},\\\"question\\\":{\\\"index\\\":\\\"1\\\",\\\"record\\\":\\\"1\\\"}}\",\"participant_group_status\":\"1\",\"updated\":1576979500,\"updated_by\":\"imamkusniadi\"}',	NULL,	NULL,	NULL),
(58,	1576980629,	'imamkusniadi',	'participant_group',	'add',	'INSERT INTO participant_group (participant_group_name, participant_group_role, participant_group_status, created, created_by, updated, updated_by) VALUES (\'Premium\', \'{\\\"dashboard\\\":{\\\"index\\\":\\\"1\\\"},\\\"change_logs\\\":{\\\"index\\\":\\\"1\\\"},\\\"account_profile\\\":{\\\"detail\\\":\\\"1\\\",\\\"change_password\\\":\\\"1\\\"},\\\"module\\\":{\\\"index\\\":\\\"1\\\",\\\"premium\\\":\\\"1\\\"},\\\"question\\\":{\\\"index\\\":\\\"1\\\",\\\"record\\\":\\\"1\\\",\\\"premium\\\":\\\"1\\\"}}\', \'1\', \'1576980629\', \'imamkusniadi\', \'1576980629\', \'imamkusniadi\')',	'\"{\\\"txtGroupName\\\":\\\"Premium\\\",\\\"cbStatus\\\":\\\"1\\\",\\\"cbxGroupRoles\\\":{\\\"dashboard\\\":{\\\"index\\\":\\\"1\\\"},\\\"change_logs\\\":{\\\"index\\\":\\\"1\\\"},\\\"account_profile\\\":{\\\"detail\\\":\\\"1\\\",\\\"change_password\\\":\\\"1\\\"},\\\"module\\\":{\\\"index\\\":\\\"1\\\",\\\"premium\\\":\\\"1\\\"},\\\"question\\\":{\\\"index\\\":\\\"1\\\",\\\"record\\\":\\\"1\\\",\\\"premium\\\":\\\"1\\\"}}}\"',	'http://127.0.0.1/elearning/?do=participant_group&act=add',	'127.0.0.1',	'[]',	'{\"participant_group_name\":\"Premium\",\"participant_group_role\":\"{\\\"dashboard\\\":{\\\"index\\\":\\\"1\\\"},\\\"change_logs\\\":{\\\"index\\\":\\\"1\\\"},\\\"account_profile\\\":{\\\"detail\\\":\\\"1\\\",\\\"change_password\\\":\\\"1\\\"},\\\"module\\\":{\\\"index\\\":\\\"1\\\",\\\"premium\\\":\\\"1\\\"},\\\"question\\\":{\\\"index\\\":\\\"1\\\",\\\"record\\\":\\\"1\\\",\\\"premium\\\":\\\"1\\\"}}\",\"participant_group_status\":\"1\",\"created\":1576980629,\"created_by\":\"imamkusniadi\",\"updated\":1576980629,\"updated_by\":\"imamkusniadi\"}',	NULL,	NULL,	NULL),
(59,	1576990472,	'SinauID',	'login',	'none',	'UPDATE participants SET participant_last_login = \'1576990472\' , participant_last_ip = \'127.0.0.1\' , participant_last_browser = \'Mozilla/5.0 (Windows NT 10.0; Win64; x64) AppleWebKit/537.36 (KHTML, like Gecko) Chrome/79.0.3945.88 Safari/537.36\' , updated = \'1576990472\' , updated_by = \'SinauID\' WHERE participant_id = 1',	'\"{\\\"login\\\":\\\"testuser\\\",\\\"passwd\\\":\\\"123456\\\"}\"',	'http://127.0.0.1/elearning/?do=login',	'127.0.0.1',	'[]',	'{\"participant_last_login\":1576990472,\"participant_last_ip\":\"127.0.0.1\",\"participant_last_browser\":\"Mozilla\\/5.0 (Windows NT 10.0; Win64; x64) AppleWebKit\\/537.36 (KHTML, like Gecko) Chrome\\/79.0.3945.88 Safari\\/537.36\",\"updated\":1576990472,\"updated_by\":\"SinauID\"}',	NULL,	NULL,	NULL),
(60,	1576991057,	'SinauID',	'login',	'none',	'UPDATE admins SET admin_last_login = \'1576991057\' , admin_last_ip = \'127.0.0.1\' , admin_last_browser = \'Mozilla/5.0 (Windows NT 10.0; Win64; x64) AppleWebKit/537.36 (KHTML, like Gecko) Chrome/79.0.3945.88 Safari/537.36\' , updated = \'1576991057\' , updated_by = \'SinauID\' WHERE admin_id = 1',	'\"{\\\"login\\\":\\\"imamkusniadi\\\",\\\"passwd\\\":\\\"123456\\\"}\"',	'http://127.0.0.1/elearning/?do=login',	'127.0.0.1',	'[]',	'{\"admin_last_login\":1576991057,\"admin_last_ip\":\"127.0.0.1\",\"admin_last_browser\":\"Mozilla\\/5.0 (Windows NT 10.0; Win64; x64) AppleWebKit\\/537.36 (KHTML, like Gecko) Chrome\\/79.0.3945.88 Safari\\/537.36\",\"updated\":1576991057,\"updated_by\":\"SinauID\"}',	NULL,	NULL,	NULL),
(61,	1576991090,	'imamkusniadi',	'participant_group',	'update',	'UPDATE participant_group SET participant_group_name = \'Reguler\' , participant_group_role = \'{\"dashboard\":{\"index\":\"1\"},\"change_logs\":{\"index\":\"1\"},\"account_profile\":{\"detail\":\"1\",\"change_password\":\"1\"},\"module\":{\"index\":\"1\"},\"assessment\":{\"index\":\"1\",\"activity\":\"1\",\"record\":\"1\"}}\' , participant_group_status = \'1\' , updated = \'1576991090\' , updated_by = \'imamkusniadi\' WHERE participant_group_id = 1',	'\"{\\\"txtGroupName\\\":\\\"Reguler\\\",\\\"cbStatus\\\":\\\"1\\\",\\\"cbxGroupRoles\\\":{\\\"dashboard\\\":{\\\"index\\\":\\\"1\\\"},\\\"change_logs\\\":{\\\"index\\\":\\\"1\\\"},\\\"account_profile\\\":{\\\"detail\\\":\\\"1\\\",\\\"change_password\\\":\\\"1\\\"},\\\"module\\\":{\\\"index\\\":\\\"1\\\"},\\\"assessment\\\":{\\\"index\\\":\\\"1\\\",\\\"activity\\\":\\\"1\\\",\\\"record\\\":\\\"1\\\"}}}\"',	'http://127.0.0.1/elearning/?do=participant_group&act=update&id=1909',	'127.0.0.1',	'[]',	'{\"participant_group_name\":\"Reguler\",\"participant_group_role\":\"{\\\"dashboard\\\":{\\\"index\\\":\\\"1\\\"},\\\"change_logs\\\":{\\\"index\\\":\\\"1\\\"},\\\"account_profile\\\":{\\\"detail\\\":\\\"1\\\",\\\"change_password\\\":\\\"1\\\"},\\\"module\\\":{\\\"index\\\":\\\"1\\\"},\\\"assessment\\\":{\\\"index\\\":\\\"1\\\",\\\"activity\\\":\\\"1\\\",\\\"record\\\":\\\"1\\\"}}\",\"participant_group_status\":\"1\",\"updated\":1576991090,\"updated_by\":\"imamkusniadi\"}',	NULL,	NULL,	NULL),
(62,	1576991104,	'imamkusniadi',	'participant_group',	'update',	'UPDATE participant_group SET participant_group_name = \'Premium\' , participant_group_role = \'{\"dashboard\":{\"index\":\"1\"},\"change_logs\":{\"index\":\"1\"},\"account_profile\":{\"detail\":\"1\",\"change_password\":\"1\"},\"module\":{\"index\":\"1\",\"premium\":\"1\"},\"assessment\":{\"index\":\"1\",\"activity\":\"1\",\"record\":\"1\",\"premium\":\"1\"}}\' , participant_group_status = \'1\' , updated = \'1576991104\' , updated_by = \'imamkusniadi\' WHERE participant_group_id = 2',	'\"{\\\"txtGroupName\\\":\\\"Premium\\\",\\\"cbStatus\\\":\\\"1\\\",\\\"cbxGroupRoles\\\":{\\\"dashboard\\\":{\\\"index\\\":\\\"1\\\"},\\\"change_logs\\\":{\\\"index\\\":\\\"1\\\"},\\\"account_profile\\\":{\\\"detail\\\":\\\"1\\\",\\\"change_password\\\":\\\"1\\\"},\\\"module\\\":{\\\"index\\\":\\\"1\\\",\\\"premium\\\":\\\"1\\\"},\\\"assessment\\\":{\\\"index\\\":\\\"1\\\",\\\"activity\\\":\\\"1\\\",\\\"record\\\":\\\"1\\\",\\\"premium\\\":\\\"1\\\"}}}\"',	'http://127.0.0.1/elearning/?do=participant_group&act=update&id=3818',	'127.0.0.1',	'[]',	'{\"participant_group_name\":\"Premium\",\"participant_group_role\":\"{\\\"dashboard\\\":{\\\"index\\\":\\\"1\\\"},\\\"change_logs\\\":{\\\"index\\\":\\\"1\\\"},\\\"account_profile\\\":{\\\"detail\\\":\\\"1\\\",\\\"change_password\\\":\\\"1\\\"},\\\"module\\\":{\\\"index\\\":\\\"1\\\",\\\"premium\\\":\\\"1\\\"},\\\"assessment\\\":{\\\"index\\\":\\\"1\\\",\\\"activity\\\":\\\"1\\\",\\\"record\\\":\\\"1\\\",\\\"premium\\\":\\\"1\\\"}}\",\"participant_group_status\":\"1\",\"updated\":1576991104,\"updated_by\":\"imamkusniadi\"}',	NULL,	NULL,	NULL),
(63,	1576991114,	'SinauID',	'login',	'none',	'UPDATE participants SET participant_last_login = \'1576991114\' , participant_last_ip = \'127.0.0.1\' , participant_last_browser = \'Mozilla/5.0 (Windows NT 10.0; Win64; x64) AppleWebKit/537.36 (KHTML, like Gecko) Chrome/79.0.3945.88 Safari/537.36\' , updated = \'1576991114\' , updated_by = \'SinauID\' WHERE participant_id = 1',	'\"{\\\"login\\\":\\\"testuser\\\",\\\"passwd\\\":\\\"123456\\\"}\"',	'http://127.0.0.1/elearning/?do=login',	'127.0.0.1',	'[]',	'{\"participant_last_login\":1576991114,\"participant_last_ip\":\"127.0.0.1\",\"participant_last_browser\":\"Mozilla\\/5.0 (Windows NT 10.0; Win64; x64) AppleWebKit\\/537.36 (KHTML, like Gecko) Chrome\\/79.0.3945.88 Safari\\/537.36\",\"updated\":1576991114,\"updated_by\":\"SinauID\"}',	NULL,	NULL,	NULL),
(64,	1576991318,	'SinauID',	'login',	'none',	'UPDATE participants SET participant_last_login = \'1576991318\' , participant_last_ip = \'127.0.0.1\' , participant_last_browser = \'Mozilla/5.0 (Windows NT 10.0; Win64; x64) AppleWebKit/537.36 (KHTML, like Gecko) Chrome/79.0.3945.88 Safari/537.36\' , updated = \'1576991318\' , updated_by = \'SinauID\' WHERE participant_id = 1',	'\"{\\\"login\\\":\\\"testuser\\\",\\\"passwd\\\":\\\"123456\\\"}\"',	'http://127.0.0.1/elearning/?do=login',	'127.0.0.1',	'[]',	'{\"participant_last_login\":1576991318,\"participant_last_ip\":\"127.0.0.1\",\"participant_last_browser\":\"Mozilla\\/5.0 (Windows NT 10.0; Win64; x64) AppleWebKit\\/537.36 (KHTML, like Gecko) Chrome\\/79.0.3945.88 Safari\\/537.36\",\"updated\":1576991318,\"updated_by\":\"SinauID\"}',	NULL,	NULL,	NULL),
(65,	1577009523,	'SinauID',	'none',	'none',	'INSERT INTO payments (participant_id, transaction_id, payment_method, payment_amount, payment_status, invoice_id, created, created_by, updated, updated_by) VALUES (\'1\', \'PAYID-LX7UA2Y4U88223597901324T\', \'PayPal\', \'10.00\', \'approved\', \'5dff406733c32\', \'1577009523\', \'SinauID\', \'1577009523\', \'SinauID\')',	'\"[]\"',	'http://127.0.0.1/elearning/?merchant=paypal_response&paymentId=PAYID-LX7UA2Y4U88223597901324T&token=EC-0M2416788C6280333&PayerID=2JDDJXUPC6RZL',	'127.0.0.1',	'[]',	'{\"participant_id\":\"1\",\"transaction_id\":\"PAYID-LX7UA2Y4U88223597901324T\",\"payment_method\":\"PayPal\",\"payment_amount\":\"10.00\",\"payment_status\":\"approved\",\"invoice_id\":\"5dff406733c32\",\"created\":1577009523,\"created_by\":\"SinauID\",\"updated\":1577009523,\"updated_by\":\"SinauID\"}',	NULL,	NULL,	NULL),
(66,	1577010480,	'SinauID',	'none',	'none',	'UPDATE participants SET participant_group_id = \'2\' , updated = \'1577010479\' , updated_by = \'SinauID\' WHERE participant_id = 1',	'\"[]\"',	'http://127.0.0.1/elearning/?merchant=paypal_response&paymentId=PAYID-LX7UJ6Q5T1388327N814792K&token=EC-8EV474399W436624V&PayerID=2JDDJXUPC6RZL',	'127.0.0.1',	'[]',	'{\"participant_group_id\":\"2\",\"updated\":1577010479,\"updated_by\":\"SinauID\"}',	NULL,	NULL,	NULL),
(67,	1577010480,	'SinauID',	'none',	'none',	'INSERT INTO payments (participant_id, transaction_id, payment_method, payment_amount, payment_status, invoice_id, created, created_by, updated, updated_by) VALUES (\'1\', \'PAYID-LX7UJ6Q5T1388327N814792K\', \'1\', \'10.00\', \'approved\', \'5DFF44F6A77DB-2\', \'1577010480\', \'SinauID\', \'1577010480\', \'SinauID\')',	'\"[]\"',	'http://127.0.0.1/elearning/?merchant=paypal_response&paymentId=PAYID-LX7UJ6Q5T1388327N814792K&token=EC-8EV474399W436624V&PayerID=2JDDJXUPC6RZL',	'127.0.0.1',	'[]',	'{\"participant_id\":\"1\",\"transaction_id\":\"PAYID-LX7UJ6Q5T1388327N814792K\",\"payment_method\":1,\"payment_amount\":\"10.00\",\"payment_status\":\"approved\",\"invoice_id\":\"5DFF44F6A77DB-2\",\"created\":1577010480,\"created_by\":\"SinauID\",\"updated\":1577010480,\"updated_by\":\"SinauID\"}',	NULL,	NULL,	NULL),
(68,	1577010805,	'SinauID',	'none',	'none',	'UPDATE participants SET participant_group_id = \'2\' , updated = \'1577010805\' , updated_by = \'SinauID\' WHERE participant_id = 1',	'\"[]\"',	'http://127.0.0.1/elearning/?merchant=paypal_response&paymentId=PAYID-LX7UMWA0ST31722242875125&token=EC-4LA92197DC841802W&PayerID=2JDDJXUPC6RZL',	'127.0.0.1',	'[]',	'{\"participant_group_id\":\"2\",\"updated\":1577010805,\"updated_by\":\"SinauID\"}',	NULL,	NULL,	NULL),
(69,	1577010805,	'SinauID',	'none',	'none',	'INSERT INTO payments (participant_id, transaction_id, payment_method, payment_amount, payment_status, invoice_id, created, created_by, updated, updated_by) VALUES (\'1\', \'PAYID-LX7UMWA0ST31722242875125\', \'1\', \'10.00\', \'approved\', \'5DFF465471DC0-2\', \'1577010805\', \'SinauID\', \'1577010805\', \'SinauID\')',	'\"[]\"',	'http://127.0.0.1/elearning/?merchant=paypal_response&paymentId=PAYID-LX7UMWA0ST31722242875125&token=EC-4LA92197DC841802W&PayerID=2JDDJXUPC6RZL',	'127.0.0.1',	'[]',	'{\"participant_id\":\"1\",\"transaction_id\":\"PAYID-LX7UMWA0ST31722242875125\",\"payment_method\":1,\"payment_amount\":\"10.00\",\"payment_status\":\"approved\",\"invoice_id\":\"5DFF465471DC0-2\",\"created\":1577010805,\"created_by\":\"SinauID\",\"updated\":1577010805,\"updated_by\":\"SinauID\"}',	NULL,	NULL,	NULL),
(70,	1577010948,	'SinauID',	'none',	'none',	'UPDATE participants SET participant_group_id = \'2\' , updated = \'1577010948\' , updated_by = \'SinauID\' WHERE participant_id = 1',	'\"[]\"',	'http://127.0.0.1/elearning/?merchant=paypal_response&paymentId=PAYID-LX7UNZI06W381198T638113B&token=EC-7GW16965KC211760P&PayerID=2JDDJXUPC6RZL',	'127.0.0.1',	'[]',	'{\"participant_group_id\":\"2\",\"updated\":1577010948,\"updated_by\":\"SinauID\"}',	NULL,	NULL,	NULL),
(71,	1577010948,	'SinauID',	'none',	'none',	'INSERT INTO payments (participant_id, transaction_id, payment_method, payment_amount, payment_status, invoice_id, created, created_by, updated, updated_by) VALUES (\'1\', \'PAYID-LX7UNZI06W381198T638113B\', \'1\', \'10.00\', \'approved\', \'5DFF46E1A158A-2\', \'1577010948\', \'SinauID\', \'1577010948\', \'SinauID\')',	'\"[]\"',	'http://127.0.0.1/elearning/?merchant=paypal_response&paymentId=PAYID-LX7UNZI06W381198T638113B&token=EC-7GW16965KC211760P&PayerID=2JDDJXUPC6RZL',	'127.0.0.1',	'[]',	'{\"participant_id\":\"1\",\"transaction_id\":\"PAYID-LX7UNZI06W381198T638113B\",\"payment_method\":1,\"payment_amount\":\"10.00\",\"payment_status\":\"approved\",\"invoice_id\":\"5DFF46E1A158A-2\",\"created\":1577010948,\"created_by\":\"SinauID\",\"updated\":1577010948,\"updated_by\":\"SinauID\"}',	NULL,	NULL,	NULL),
(72,	1577011445,	'SinauID',	'login',	'none',	'UPDATE participants SET participant_last_login = \'1577011445\' , participant_last_ip = \'127.0.0.1\' , participant_last_browser = \'Mozilla/5.0 (Windows NT 10.0; Win64; x64) AppleWebKit/537.36 (KHTML, like Gecko) Chrome/79.0.3945.88 Safari/537.36\' , updated = \'1577011445\' , updated_by = \'SinauID\' WHERE participant_id = 1',	'\"{\\\"login\\\":\\\"testuser\\\",\\\"passwd\\\":\\\"123456\\\"}\"',	'http://127.0.0.1/elearning/?do=login',	'127.0.0.1',	'[]',	'{\"participant_last_login\":1577011445,\"participant_last_ip\":\"127.0.0.1\",\"participant_last_browser\":\"Mozilla\\/5.0 (Windows NT 10.0; Win64; x64) AppleWebKit\\/537.36 (KHTML, like Gecko) Chrome\\/79.0.3945.88 Safari\\/537.36\",\"updated\":1577011445,\"updated_by\":\"SinauID\"}',	NULL,	NULL,	NULL),
(73,	1577011505,	'SinauID',	'none',	'none',	'UPDATE participants SET participant_group_id = \'2\' , updated = \'1577011505\' , updated_by = \'SinauID\' WHERE participant_id = 1',	'\"[]\"',	'http://127.0.0.1/elearning/?merchant=paypal_response&paymentId=PAYID-LX7UR7I3MK805414G966912L&token=EC-60G10804KT5495139&PayerID=2JDDJXUPC6RZL',	'127.0.0.1',	'[]',	'{\"participant_group_id\":\"2\",\"updated\":1577011505,\"updated_by\":\"SinauID\"}',	NULL,	NULL,	NULL),
(74,	1577011505,	'SinauID',	'none',	'none',	'INSERT INTO payments (participant_id, transaction_id, payment_method, payment_amount, payment_status, invoice_id, created, created_by, updated, updated_by) VALUES (\'1\', \'PAYID-LX7UR7I3MK805414G966912L\', \'1\', \'10.00\', \'approved\', \'5DFF48FA4354D-2\', \'1577011505\', \'SinauID\', \'1577011505\', \'SinauID\')',	'\"[]\"',	'http://127.0.0.1/elearning/?merchant=paypal_response&paymentId=PAYID-LX7UR7I3MK805414G966912L&token=EC-60G10804KT5495139&PayerID=2JDDJXUPC6RZL',	'127.0.0.1',	'[]',	'{\"participant_id\":\"1\",\"transaction_id\":\"PAYID-LX7UR7I3MK805414G966912L\",\"payment_method\":1,\"payment_amount\":\"10.00\",\"payment_status\":\"approved\",\"invoice_id\":\"5DFF48FA4354D-2\",\"created\":1577011505,\"created_by\":\"SinauID\",\"updated\":1577011505,\"updated_by\":\"SinauID\"}',	NULL,	NULL,	NULL),
(75,	1577011560,	'SinauID',	'none',	'none',	'UPDATE participants SET participant_group_id = \'2\' , updated = \'1577011560\' , updated_by = \'SinauID\' WHERE participant_id = 1',	'\"[]\"',	'http://127.0.0.1/elearning/?merchant=paypal_response&paymentId=PAYID-LX7UR7I3MK805414G966912L&token=EC-60G10804KT5495139&PayerID=2JDDJXUPC6RZL',	'127.0.0.1',	'[]',	'{\"participant_group_id\":\"2\",\"updated\":1577011560,\"updated_by\":\"SinauID\"}',	NULL,	NULL,	NULL),
(76,	1577011560,	'SinauID',	'none',	'none',	'INSERT INTO payments (participant_id, transaction_id, payment_method, payment_amount, payment_status, invoice_id, created, created_by, updated, updated_by) VALUES (\'1\', \'PAYID-LX7UR7I3MK805414G966912L\', \'1\', \'10.00\', \'approved\', \'5DFF48FA4354D-2\', \'1577011560\', \'SinauID\', \'1577011560\', \'SinauID\')',	'\"[]\"',	'http://127.0.0.1/elearning/?merchant=paypal_response&paymentId=PAYID-LX7UR7I3MK805414G966912L&token=EC-60G10804KT5495139&PayerID=2JDDJXUPC6RZL',	'127.0.0.1',	'[]',	'{\"participant_id\":\"1\",\"transaction_id\":\"PAYID-LX7UR7I3MK805414G966912L\",\"payment_method\":1,\"payment_amount\":\"10.00\",\"payment_status\":\"approved\",\"invoice_id\":\"5DFF48FA4354D-2\",\"created\":1577011560,\"created_by\":\"SinauID\",\"updated\":1577011560,\"updated_by\":\"SinauID\"}',	NULL,	NULL,	NULL),
(77,	1577011723,	'SinauID',	'login',	'none',	'UPDATE admins SET admin_last_login = \'1577011723\' , admin_last_ip = \'127.0.0.1\' , admin_last_browser = \'Mozilla/5.0 (Windows NT 10.0; Win64; x64) AppleWebKit/537.36 (KHTML, like Gecko) Chrome/79.0.3945.88 Safari/537.36\' , updated = \'1577011723\' , updated_by = \'SinauID\' WHERE admin_id = 1',	'\"{\\\"login\\\":\\\"imamkusniadi\\\",\\\"passwd\\\":\\\"123456\\\"}\"',	'http://127.0.0.1/elearning/?do=login',	'127.0.0.1',	'[]',	'{\"admin_last_login\":1577011723,\"admin_last_ip\":\"127.0.0.1\",\"admin_last_browser\":\"Mozilla\\/5.0 (Windows NT 10.0; Win64; x64) AppleWebKit\\/537.36 (KHTML, like Gecko) Chrome\\/79.0.3945.88 Safari\\/537.36\",\"updated\":1577011723,\"updated_by\":\"SinauID\"}',	NULL,	NULL,	NULL),
(78,	1577028878,	'imamkusniadi',	'participant_group',	'update',	'UPDATE participant_group SET participant_group_name = \'Premium\' , participant_group_role = \'{\"dashboard\":{\"index\":\"1\"},\"change_logs\":{\"index\":\"1\"},\"account_profile\":{\"detail\":\"1\",\"change_password\":\"1\"},\"module\":{\"index\":\"1\",\"premium\":\"1\"},\"assessment\":{\"index\":\"1\",\"activity\":\"1\",\"record\":\"1\",\"premium\":\"1\"}}\' , participant_group_price = \'10\' , participant_group_status = \'1\' , updated = \'1577028878\' , updated_by = \'imamkusniadi\' WHERE participant_group_id = 2',	'\"{\\\"txtGroupName\\\":\\\"Premium\\\",\\\"txtPrice\\\":\\\"10\\\",\\\"cbStatus\\\":\\\"1\\\",\\\"cbxGroupRoles\\\":{\\\"dashboard\\\":{\\\"index\\\":\\\"1\\\"},\\\"change_logs\\\":{\\\"index\\\":\\\"1\\\"},\\\"account_profile\\\":{\\\"detail\\\":\\\"1\\\",\\\"change_password\\\":\\\"1\\\"},\\\"module\\\":{\\\"index\\\":\\\"1\\\",\\\"premium\\\":\\\"1\\\"},\\\"assessment\\\":{\\\"index\\\":\\\"1\\\",\\\"activity\\\":\\\"1\\\",\\\"record\\\":\\\"1\\\",\\\"premium\\\":\\\"1\\\"}}}\"',	'http://127.0.0.1/elearning/?do=participant_group&act=update&id=3818',	'127.0.0.1',	'[]',	'{\"participant_group_name\":\"Premium\",\"participant_group_role\":\"{\\\"dashboard\\\":{\\\"index\\\":\\\"1\\\"},\\\"change_logs\\\":{\\\"index\\\":\\\"1\\\"},\\\"account_profile\\\":{\\\"detail\\\":\\\"1\\\",\\\"change_password\\\":\\\"1\\\"},\\\"module\\\":{\\\"index\\\":\\\"1\\\",\\\"premium\\\":\\\"1\\\"},\\\"assessment\\\":{\\\"index\\\":\\\"1\\\",\\\"activity\\\":\\\"1\\\",\\\"record\\\":\\\"1\\\",\\\"premium\\\":\\\"1\\\"}}\",\"participant_group_price\":\"10\",\"participant_group_status\":\"1\",\"updated\":1577028878,\"updated_by\":\"imamkusniadi\"}',	NULL,	NULL,	NULL),
(79,	1577029047,	'SinauID',	'login',	'none',	'UPDATE participants SET participant_last_login = \'1577029047\' , participant_last_ip = \'127.0.0.1\' , participant_last_browser = \'Mozilla/5.0 (Windows NT 10.0; Win64; x64) AppleWebKit/537.36 (KHTML, like Gecko) Chrome/79.0.3945.88 Safari/537.36\' , updated = \'1577029047\' , updated_by = \'SinauID\' WHERE participant_id = 1',	'\"{\\\"login\\\":\\\"testuser\\\",\\\"passwd\\\":\\\"123456\\\"}\"',	'http://127.0.0.1/elearning/?do=login',	'127.0.0.1',	'[]',	'{\"participant_last_login\":1577029047,\"participant_last_ip\":\"127.0.0.1\",\"participant_last_browser\":\"Mozilla\\/5.0 (Windows NT 10.0; Win64; x64) AppleWebKit\\/537.36 (KHTML, like Gecko) Chrome\\/79.0.3945.88 Safari\\/537.36\",\"updated\":1577029047,\"updated_by\":\"SinauID\"}',	NULL,	NULL,	NULL),
(80,	1577036961,	'SinauID',	'login',	'none',	'UPDATE admins SET admin_last_login = \'1577036961\' , admin_last_ip = \'127.0.0.1\' , admin_last_browser = \'Mozilla/5.0 (Windows NT 10.0; Win64; x64) AppleWebKit/537.36 (KHTML, like Gecko) Chrome/79.0.3945.88 Safari/537.36\' , updated = \'1577036961\' , updated_by = \'SinauID\' WHERE admin_id = 1',	'\"{\\\"login\\\":\\\"imamkusniadi\\\",\\\"passwd\\\":\\\"123456\\\"}\"',	'http://127.0.0.1/elearning/?do=login',	'127.0.0.1',	'[]',	'{\"admin_last_login\":1577036961,\"admin_last_ip\":\"127.0.0.1\",\"admin_last_browser\":\"Mozilla\\/5.0 (Windows NT 10.0; Win64; x64) AppleWebKit\\/537.36 (KHTML, like Gecko) Chrome\\/79.0.3945.88 Safari\\/537.36\",\"updated\":1577036961,\"updated_by\":\"SinauID\"}',	NULL,	NULL,	NULL),
(81,	1577056452,	'SinauID',	'login',	'none',	'UPDATE participants SET participant_last_login = \'1577056452\' , participant_last_ip = \'127.0.0.1\' , participant_last_browser = \'Mozilla/5.0 (Windows NT 10.0; Win64; x64) AppleWebKit/537.36 (KHTML, like Gecko) Chrome/79.0.3945.88 Safari/537.36\' , updated = \'1577056452\' , updated_by = \'SinauID\' WHERE participant_id = 1',	'\"{\\\"login\\\":\\\"testuser\\\",\\\"passwd\\\":\\\"123456\\\"}\"',	'http://127.0.0.1/elearning/?do=login',	'127.0.0.1',	'[]',	'{\"participant_last_login\":1577056452,\"participant_last_ip\":\"127.0.0.1\",\"participant_last_browser\":\"Mozilla\\/5.0 (Windows NT 10.0; Win64; x64) AppleWebKit\\/537.36 (KHTML, like Gecko) Chrome\\/79.0.3945.88 Safari\\/537.36\",\"updated\":1577056452,\"updated_by\":\"SinauID\"}',	NULL,	NULL,	NULL),
(82,	1577059380,	'SinauID',	'login',	'none',	'UPDATE admins SET admin_last_login = \'1577059380\' , admin_last_ip = \'127.0.0.1\' , admin_last_browser = \'Mozilla/5.0 (Windows NT 10.0; Win64; x64) AppleWebKit/537.36 (KHTML, like Gecko) Chrome/79.0.3945.88 Safari/537.36\' , updated = \'1577059380\' , updated_by = \'SinauID\' WHERE admin_id = 1',	'\"{\\\"login\\\":\\\"imamkusniadi\\\",\\\"passwd\\\":\\\"123456\\\"}\"',	'http://127.0.0.1/elearning/?do=login',	'127.0.0.1',	'[]',	'{\"admin_last_login\":1577059380,\"admin_last_ip\":\"127.0.0.1\",\"admin_last_browser\":\"Mozilla\\/5.0 (Windows NT 10.0; Win64; x64) AppleWebKit\\/537.36 (KHTML, like Gecko) Chrome\\/79.0.3945.88 Safari\\/537.36\",\"updated\":1577059380,\"updated_by\":\"SinauID\"}',	NULL,	NULL,	NULL),
(83,	1577059516,	'imamkusniadi',	'admin_group',	'update',	'UPDATE admin_group SET admin_group_name = \'Mentor\' , admin_group_role = \'{\"dashboard\":{\"index\":\"1\"},\"change_logs\":{\"index\":\"1\"},\"account_profile\":{\"detail\":\"1\",\"change_password\":\"1\"},\"module\":{\"index\":\"1\",\"add\":\"1\",\"update\":\"1\",\"delete\":\"1\"},\"module_group\":{\"index\":\"1\",\"add\":\"1\",\"update\":\"1\",\"delete\":\"1\"},\"module_type\":{\"index\":\"1\",\"add\":\"1\",\"update\":\"1\",\"delete\":\"1\"},\"question\":{\"index\":\"1\",\"add\":\"1\",\"update\":\"1\",\"delete\":\"1\"},\"question_group\":{\"index\":\"1\",\"add\":\"1\",\"update\":\"1\",\"delete\":\"1\"},\"question_type\":{\"index\":\"1\",\"add\":\"1\",\"update\":\"1\",\"delete\":\"1\"},\"answer\":{\"index\":\"1\",\"add\":\"1\",\"update\":\"1\",\"delete\":\"1\"}}\' , admin_group_status = \'1\' , updated = \'1577059516\' , updated_by = \'imamkusniadi\' WHERE admin_group_id = 11',	'\"{\\\"txtGroupName\\\":\\\"Mentor\\\",\\\"cbStatus\\\":\\\"1\\\",\\\"cbxGroupRoles\\\":{\\\"dashboard\\\":{\\\"index\\\":\\\"1\\\"},\\\"change_logs\\\":{\\\"index\\\":\\\"1\\\"},\\\"account_profile\\\":{\\\"detail\\\":\\\"1\\\",\\\"change_password\\\":\\\"1\\\"},\\\"module\\\":{\\\"index\\\":\\\"1\\\",\\\"add\\\":\\\"1\\\",\\\"update\\\":\\\"1\\\",\\\"delete\\\":\\\"1\\\"},\\\"module_group\\\":{\\\"index\\\":\\\"1\\\",\\\"add\\\":\\\"1\\\",\\\"update\\\":\\\"1\\\",\\\"delete\\\":\\\"1\\\"},\\\"module_type\\\":{\\\"index\\\":\\\"1\\\",\\\"add\\\":\\\"1\\\",\\\"update\\\":\\\"1\\\",\\\"delete\\\":\\\"1\\\"},\\\"question\\\":{\\\"index\\\":\\\"1\\\",\\\"add\\\":\\\"1\\\",\\\"update\\\":\\\"1\\\",\\\"delete\\\":\\\"1\\\"},\\\"question_group\\\":{\\\"index\\\":\\\"1\\\",\\\"add\\\":\\\"1\\\",\\\"update\\\":\\\"1\\\",\\\"delete\\\":\\\"1\\\"},\\\"question_type\\\":{\\\"index\\\":\\\"1\\\",\\\"add\\\":\\\"1\\\",\\\"update\\\":\\\"1\\\",\\\"delete\\\":\\\"1\\\"},\\\"answer\\\":{\\\"index\\\":\\\"1\\\",\\\"add\\\":\\\"1\\\",\\\"update\\\":\\\"1\\\",\\\"delete\\\":\\\"1\\\"}}}\"',	'http://127.0.0.1/elearning/?do=admin_group&act=update&id=20999',	'127.0.0.1',	'[]',	'{\"admin_group_name\":\"Mentor\",\"admin_group_role\":\"{\\\"dashboard\\\":{\\\"index\\\":\\\"1\\\"},\\\"change_logs\\\":{\\\"index\\\":\\\"1\\\"},\\\"account_profile\\\":{\\\"detail\\\":\\\"1\\\",\\\"change_password\\\":\\\"1\\\"},\\\"module\\\":{\\\"index\\\":\\\"1\\\",\\\"add\\\":\\\"1\\\",\\\"update\\\":\\\"1\\\",\\\"delete\\\":\\\"1\\\"},\\\"module_group\\\":{\\\"index\\\":\\\"1\\\",\\\"add\\\":\\\"1\\\",\\\"update\\\":\\\"1\\\",\\\"delete\\\":\\\"1\\\"},\\\"module_type\\\":{\\\"index\\\":\\\"1\\\",\\\"add\\\":\\\"1\\\",\\\"update\\\":\\\"1\\\",\\\"delete\\\":\\\"1\\\"},\\\"question\\\":{\\\"index\\\":\\\"1\\\",\\\"add\\\":\\\"1\\\",\\\"update\\\":\\\"1\\\",\\\"delete\\\":\\\"1\\\"},\\\"question_group\\\":{\\\"index\\\":\\\"1\\\",\\\"add\\\":\\\"1\\\",\\\"update\\\":\\\"1\\\",\\\"delete\\\":\\\"1\\\"},\\\"question_type\\\":{\\\"index\\\":\\\"1\\\",\\\"add\\\":\\\"1\\\",\\\"update\\\":\\\"1\\\",\\\"delete\\\":\\\"1\\\"},\\\"answer\\\":{\\\"index\\\":\\\"1\\\",\\\"add\\\":\\\"1\\\",\\\"update\\\":\\\"1\\\",\\\"delete\\\":\\\"1\\\"}}\",\"admin_group_status\":\"1\",\"updated\":1577059516,\"updated_by\":\"imamkusniadi\"}',	NULL,	NULL,	NULL),
(84,	1577060882,	'SinauID',	'login',	'none',	'UPDATE participants SET participant_last_login = \'1577060882\' , participant_last_ip = \'127.0.0.1\' , participant_last_browser = \'Mozilla/5.0 (Windows NT 10.0; Win64; x64) AppleWebKit/537.36 (KHTML, like Gecko) Chrome/79.0.3945.88 Safari/537.36\' , updated = \'1577060882\' , updated_by = \'SinauID\' WHERE participant_id = 1',	'\"{\\\"login\\\":\\\"testuser\\\",\\\"passwd\\\":\\\"123456\\\"}\"',	'http://127.0.0.1/elearning/?do=login',	'127.0.0.1',	'[]',	'{\"participant_last_login\":1577060882,\"participant_last_ip\":\"127.0.0.1\",\"participant_last_browser\":\"Mozilla\\/5.0 (Windows NT 10.0; Win64; x64) AppleWebKit\\/537.36 (KHTML, like Gecko) Chrome\\/79.0.3945.88 Safari\\/537.36\",\"updated\":1577060882,\"updated_by\":\"SinauID\"}',	NULL,	NULL,	NULL),
(85,	1577061863,	'SinauID',	'login',	'none',	'UPDATE admins SET admin_last_login = \'1577061863\' , admin_last_ip = \'127.0.0.1\' , admin_last_browser = \'Mozilla/5.0 (Windows NT 10.0; Win64; x64) AppleWebKit/537.36 (KHTML, like Gecko) Chrome/79.0.3945.88 Safari/537.36\' , updated = \'1577061863\' , updated_by = \'SinauID\' WHERE admin_id = 1',	'\"{\\\"login\\\":\\\"imamkusniadi\\\",\\\"passwd\\\":\\\"123456\\\"}\"',	'http://127.0.0.1/elearning/?do=login',	'127.0.0.1',	'[]',	'{\"admin_last_login\":1577061863,\"admin_last_ip\":\"127.0.0.1\",\"admin_last_browser\":\"Mozilla\\/5.0 (Windows NT 10.0; Win64; x64) AppleWebKit\\/537.36 (KHTML, like Gecko) Chrome\\/79.0.3945.88 Safari\\/537.36\",\"updated\":1577061863,\"updated_by\":\"SinauID\"}',	NULL,	NULL,	NULL),
(86,	1577062744,	'SinauID',	'login',	'none',	'UPDATE participants SET participant_last_login = \'1577062744\' , participant_last_ip = \'127.0.0.1\' , participant_last_browser = \'Mozilla/5.0 (Windows NT 10.0; Win64; x64) AppleWebKit/537.36 (KHTML, like Gecko) Chrome/79.0.3945.88 Safari/537.36\' , updated = \'1577062744\' , updated_by = \'SinauID\' WHERE participant_id = 1',	'\"{\\\"login\\\":\\\"testuser\\\",\\\"passwd\\\":\\\"123456\\\"}\"',	'http://127.0.0.1/elearning/?do=login',	'127.0.0.1',	'[]',	'{\"participant_last_login\":1577062744,\"participant_last_ip\":\"127.0.0.1\",\"participant_last_browser\":\"Mozilla\\/5.0 (Windows NT 10.0; Win64; x64) AppleWebKit\\/537.36 (KHTML, like Gecko) Chrome\\/79.0.3945.88 Safari\\/537.36\",\"updated\":1577062744,\"updated_by\":\"SinauID\"}',	NULL,	NULL,	NULL),
(87,	1577065838,	'SinauID',	'login',	'none',	'UPDATE admins SET admin_last_login = \'1577065838\' , admin_last_ip = \'127.0.0.1\' , admin_last_browser = \'Mozilla/5.0 (Windows NT 10.0; Win64; x64) AppleWebKit/537.36 (KHTML, like Gecko) Chrome/79.0.3945.88 Safari/537.36\' , updated = \'1577065838\' , updated_by = \'SinauID\' WHERE admin_id = 1',	'\"{\\\"login\\\":\\\"imamkusniadi\\\",\\\"passwd\\\":\\\"123456\\\"}\"',	'http://127.0.0.1/elearning/?do=login',	'127.0.0.1',	'[]',	'{\"admin_last_login\":1577065838,\"admin_last_ip\":\"127.0.0.1\",\"admin_last_browser\":\"Mozilla\\/5.0 (Windows NT 10.0; Win64; x64) AppleWebKit\\/537.36 (KHTML, like Gecko) Chrome\\/79.0.3945.88 Safari\\/537.36\",\"updated\":1577065838,\"updated_by\":\"SinauID\"}',	NULL,	NULL,	NULL),
(88,	1577065941,	'imamkusniadi',	'question_group',	'update',	'UPDATE question_group SET question_group_name = \'Kalkulus\' , question_group_status = \'1\' , updated = \'1577065941\' , updated_by = \'imamkusniadi\' WHERE question_group_id = 1',	'\"{\\\"txtGroupName\\\":\\\"Kalkulus\\\",\\\"cbStatus\\\":\\\"1\\\"}\"',	'http://127.0.0.1/elearning/?do=question_group&act=update&id=1909',	'127.0.0.1',	'[]',	'{\"question_group_name\":\"Kalkulus\",\"question_group_status\":\"1\",\"updated\":1577065941,\"updated_by\":\"imamkusniadi\"}',	NULL,	NULL,	NULL),
(89,	1577630238,	'SinauID',	'login',	'none',	'UPDATE participants SET participant_last_login = \'1577630238\' , participant_last_ip = \'127.0.0.1\' , participant_last_browser = \'Mozilla/5.0 (Windows NT 10.0; Win64; x64) AppleWebKit/537.36 (KHTML, like Gecko) Chrome/79.0.3945.88 Safari/537.36\' , updated = \'1577630238\' , updated_by = \'SinauID\' WHERE participant_id = 1',	'\"{\\\"login\\\":\\\"testuser\\\",\\\"passwd\\\":\\\"123456\\\"}\"',	'http://127.0.0.1/elearning/?do=login',	'127.0.0.1',	'[]',	'{\"participant_last_login\":1577630238,\"participant_last_ip\":\"127.0.0.1\",\"participant_last_browser\":\"Mozilla\\/5.0 (Windows NT 10.0; Win64; x64) AppleWebKit\\/537.36 (KHTML, like Gecko) Chrome\\/79.0.3945.88 Safari\\/537.36\",\"updated\":1577630238,\"updated_by\":\"SinauID\"}',	NULL,	NULL,	NULL),
(90,	1577676202,	'SinauID',	'login',	'none',	'UPDATE admins SET admin_last_login = \'1577676202\' , admin_last_ip = \'127.0.0.1\' , admin_last_browser = \'Mozilla/5.0 (Windows NT 10.0; Win64; x64) AppleWebKit/537.36 (KHTML, like Gecko) Chrome/79.0.3945.88 Safari/537.36\' , updated = \'1577676202\' , updated_by = \'SinauID\' WHERE admin_id = 1',	'\"{\\\"login\\\":\\\"imamkusniadi\\\",\\\"passwd\\\":\\\"123456\\\"}\"',	'http://127.0.0.1/elearning/?do=login',	'127.0.0.1',	'[]',	'{\"admin_last_login\":1577676202,\"admin_last_ip\":\"127.0.0.1\",\"admin_last_browser\":\"Mozilla\\/5.0 (Windows NT 10.0; Win64; x64) AppleWebKit\\/537.36 (KHTML, like Gecko) Chrome\\/79.0.3945.88 Safari\\/537.36\",\"updated\":1577676202,\"updated_by\":\"SinauID\"}',	NULL,	NULL,	NULL),
(91,	1577676357,	'imamkusniadi',	'admin_group',	'update',	'UPDATE admin_group SET admin_group_name = \'Super Admin\' , admin_group_role = \'{\"dashboard\":{\"index\":\"1\"},\"account_profile\":{\"detail\":\"1\",\"change_password\":\"1\"},\"admin\":{\"index\":\"1\",\"add\":\"1\",\"update\":\"1\",\"detail\":\"1\",\"change_password\":\"1\",\"terminate\":\"1\"},\"admin_group\":{\"index\":\"1\",\"add\":\"1\",\"update\":\"1\",\"detail\":\"1\",\"delete\":\"1\"},\"participant\":{\"index\":\"1\",\"add\":\"1\",\"update\":\"1\",\"detail\":\"1\",\"change_password\":\"1\",\"terminate\":\"1\"},\"participant_group\":{\"index\":\"1\",\"add\":\"1\",\"update\":\"1\",\"detail\":\"1\",\"delete\":\"1\"},\"module\":{\"index\":\"1\",\"add\":\"1\",\"update\":\"1\",\"detail\":\"1\",\"delete\":\"1\"},\"module_group\":{\"index\":\"1\",\"add\":\"1\",\"update\":\"1\",\"detail\":\"1\",\"delete\":\"1\"},\"module_type\":{\"index\":\"1\",\"add\":\"1\",\"update\":\"1\",\"detail\":\"1\",\"delete\":\"1\"},\"question\":{\"index\":\"1\",\"add\":\"1\",\"update\":\"1\",\"detail\":\"1\",\"delete\":\"1\"},\"question_group\":{\"index\":\"1\",\"add\":\"1\",\"update\":\"1\",\"detail\":\"1\",\"delete\":\"1\"},\"question_type\":{\"index\":\"1\",\"add\":\"1\",\"update\":\"1\",\"detail\":\"1\",\"delete\":\"1\"},\"answer\":{\"index\":\"1\",\"add\":\"1\",\"update\":\"1\",\"detail\":\"1\",\"delete\":\"1\"}}\' , admin_group_status = \'1\' , updated = \'1577676357\' , updated_by = \'imamkusniadi\' WHERE admin_group_id = 1',	'\"{\\\"txtGroupName\\\":\\\"Super Admin\\\",\\\"cbStatus\\\":\\\"1\\\",\\\"cbxGroupRoles\\\":{\\\"dashboard\\\":{\\\"index\\\":\\\"1\\\"},\\\"account_profile\\\":{\\\"detail\\\":\\\"1\\\",\\\"change_password\\\":\\\"1\\\"},\\\"admin\\\":{\\\"index\\\":\\\"1\\\",\\\"add\\\":\\\"1\\\",\\\"update\\\":\\\"1\\\",\\\"detail\\\":\\\"1\\\",\\\"change_password\\\":\\\"1\\\",\\\"terminate\\\":\\\"1\\\"},\\\"admin_group\\\":{\\\"index\\\":\\\"1\\\",\\\"add\\\":\\\"1\\\",\\\"update\\\":\\\"1\\\",\\\"detail\\\":\\\"1\\\",\\\"delete\\\":\\\"1\\\"},\\\"participant\\\":{\\\"index\\\":\\\"1\\\",\\\"add\\\":\\\"1\\\",\\\"update\\\":\\\"1\\\",\\\"detail\\\":\\\"1\\\",\\\"change_password\\\":\\\"1\\\",\\\"terminate\\\":\\\"1\\\"},\\\"participant_group\\\":{\\\"index\\\":\\\"1\\\",\\\"add\\\":\\\"1\\\",\\\"update\\\":\\\"1\\\",\\\"detail\\\":\\\"1\\\",\\\"delete\\\":\\\"1\\\"},\\\"module\\\":{\\\"index\\\":\\\"1\\\",\\\"add\\\":\\\"1\\\",\\\"update\\\":\\\"1\\\",\\\"detail\\\":\\\"1\\\",\\\"delete\\\":\\\"1\\\"},\\\"module_group\\\":{\\\"index\\\":\\\"1\\\",\\\"add\\\":\\\"1\\\",\\\"update\\\":\\\"1\\\",\\\"detail\\\":\\\"1\\\",\\\"delete\\\":\\\"1\\\"},\\\"module_type\\\":{\\\"index\\\":\\\"1\\\",\\\"add\\\":\\\"1\\\",\\\"update\\\":\\\"1\\\",\\\"detail\\\":\\\"1\\\",\\\"delete\\\":\\\"1\\\"},\\\"question\\\":{\\\"index\\\":\\\"1\\\",\\\"add\\\":\\\"1\\\",\\\"update\\\":\\\"1\\\",\\\"detail\\\":\\\"1\\\",\\\"delete\\\":\\\"1\\\"},\\\"question_group\\\":{\\\"index\\\":\\\"1\\\",\\\"add\\\":\\\"1\\\",\\\"update\\\":\\\"1\\\",\\\"detail\\\":\\\"1\\\",\\\"delete\\\":\\\"1\\\"},\\\"question_type\\\":{\\\"index\\\":\\\"1\\\",\\\"add\\\":\\\"1\\\",\\\"update\\\":\\\"1\\\",\\\"detail\\\":\\\"1\\\",\\\"delete\\\":\\\"1\\\"},\\\"answer\\\":{\\\"index\\\":\\\"1\\\",\\\"add\\\":\\\"1\\\",\\\"update\\\":\\\"1\\\",\\\"detail\\\":\\\"1\\\",\\\"delete\\\":\\\"1\\\"}}}\"',	'http://127.0.0.1/elearning/?do=admin_group&act=update&id=1909',	'127.0.0.1',	'[]',	'{\"admin_group_name\":\"Super Admin\",\"admin_group_role\":\"{\\\"dashboard\\\":{\\\"index\\\":\\\"1\\\"},\\\"account_profile\\\":{\\\"detail\\\":\\\"1\\\",\\\"change_password\\\":\\\"1\\\"},\\\"admin\\\":{\\\"index\\\":\\\"1\\\",\\\"add\\\":\\\"1\\\",\\\"update\\\":\\\"1\\\",\\\"detail\\\":\\\"1\\\",\\\"change_password\\\":\\\"1\\\",\\\"terminate\\\":\\\"1\\\"},\\\"admin_group\\\":{\\\"index\\\":\\\"1\\\",\\\"add\\\":\\\"1\\\",\\\"update\\\":\\\"1\\\",\\\"detail\\\":\\\"1\\\",\\\"delete\\\":\\\"1\\\"},\\\"participant\\\":{\\\"index\\\":\\\"1\\\",\\\"add\\\":\\\"1\\\",\\\"update\\\":\\\"1\\\",\\\"detail\\\":\\\"1\\\",\\\"change_password\\\":\\\"1\\\",\\\"terminate\\\":\\\"1\\\"},\\\"participant_group\\\":{\\\"index\\\":\\\"1\\\",\\\"add\\\":\\\"1\\\",\\\"update\\\":\\\"1\\\",\\\"detail\\\":\\\"1\\\",\\\"delete\\\":\\\"1\\\"},\\\"module\\\":{\\\"index\\\":\\\"1\\\",\\\"add\\\":\\\"1\\\",\\\"update\\\":\\\"1\\\",\\\"detail\\\":\\\"1\\\",\\\"delete\\\":\\\"1\\\"},\\\"module_group\\\":{\\\"index\\\":\\\"1\\\",\\\"add\\\":\\\"1\\\",\\\"update\\\":\\\"1\\\",\\\"detail\\\":\\\"1\\\",\\\"delete\\\":\\\"1\\\"},\\\"module_type\\\":{\\\"index\\\":\\\"1\\\",\\\"add\\\":\\\"1\\\",\\\"update\\\":\\\"1\\\",\\\"detail\\\":\\\"1\\\",\\\"delete\\\":\\\"1\\\"},\\\"question\\\":{\\\"index\\\":\\\"1\\\",\\\"add\\\":\\\"1\\\",\\\"update\\\":\\\"1\\\",\\\"detail\\\":\\\"1\\\",\\\"delete\\\":\\\"1\\\"},\\\"question_group\\\":{\\\"index\\\":\\\"1\\\",\\\"add\\\":\\\"1\\\",\\\"update\\\":\\\"1\\\",\\\"detail\\\":\\\"1\\\",\\\"delete\\\":\\\"1\\\"},\\\"question_type\\\":{\\\"index\\\":\\\"1\\\",\\\"add\\\":\\\"1\\\",\\\"update\\\":\\\"1\\\",\\\"detail\\\":\\\"1\\\",\\\"delete\\\":\\\"1\\\"},\\\"answer\\\":{\\\"index\\\":\\\"1\\\",\\\"add\\\":\\\"1\\\",\\\"update\\\":\\\"1\\\",\\\"detail\\\":\\\"1\\\",\\\"delete\\\":\\\"1\\\"}}\",\"admin_group_status\":\"1\",\"updated\":1577676357,\"updated_by\":\"imamkusniadi\"}',	NULL,	NULL,	NULL),
(92,	1577676485,	'SinauID',	'login',	'none',	'UPDATE participants SET participant_last_login = \'1577676485\' , participant_last_ip = \'127.0.0.1\' , participant_last_browser = \'Mozilla/5.0 (Windows NT 10.0; Win64; x64) AppleWebKit/537.36 (KHTML, like Gecko) Chrome/79.0.3945.88 Safari/537.36\' , updated = \'1577676485\' , updated_by = \'SinauID\' WHERE participant_id = 1',	'\"{\\\"login\\\":\\\"testuser\\\",\\\"passwd\\\":\\\"123456\\\"}\"',	'http://127.0.0.1/elearning/?do=login',	'127.0.0.1',	'[]',	'{\"participant_last_login\":1577676485,\"participant_last_ip\":\"127.0.0.1\",\"participant_last_browser\":\"Mozilla\\/5.0 (Windows NT 10.0; Win64; x64) AppleWebKit\\/537.36 (KHTML, like Gecko) Chrome\\/79.0.3945.88 Safari\\/537.36\",\"updated\":1577676485,\"updated_by\":\"SinauID\"}',	NULL,	NULL,	NULL),
(93,	1577972947,	'SinauID',	'login',	'none',	'UPDATE participants SET participant_last_login = \'1577972947\' , participant_last_ip = \'127.0.0.1\' , participant_last_browser = \'Mozilla/5.0 (Windows NT 10.0; Win64; x64) AppleWebKit/537.36 (KHTML, like Gecko) Chrome/79.0.3945.88 Safari/537.36\' , updated = \'1577972947\' , updated_by = \'SinauID\' WHERE participant_id = 1',	'\"{\\\"login\\\":\\\"testuser\\\",\\\"passwd\\\":\\\"123456\\\"}\"',	'http://127.0.0.1/elearning/?do=login',	'127.0.0.1',	'[]',	'{\"participant_last_login\":1577972947,\"participant_last_ip\":\"127.0.0.1\",\"participant_last_browser\":\"Mozilla\\/5.0 (Windows NT 10.0; Win64; x64) AppleWebKit\\/537.36 (KHTML, like Gecko) Chrome\\/79.0.3945.88 Safari\\/537.36\",\"updated\":1577972947,\"updated_by\":\"SinauID\"}',	NULL,	NULL,	NULL),
(94,	1577975667,	'SinauID',	'none',	'step3',	'UPDATE participants SET participant_group_id = \'\' , updated = \'1577975667\' , updated_by = \'SinauID\' WHERE participant_id = 1',	'\"{\\\"txtOTPPin\\\":\\\"313378\\\",\\\"txtOVOToken\\\":\\\"716f0638edc0447fa904d464a471e9b4\\\"}\"',	'http://127.0.0.1/elearning/?merchant=ovo_request&act=step3',	'127.0.0.1',	'[]',	'{\"participant_group_id\":null,\"updated\":1577975667,\"updated_by\":\"SinauID\"}',	NULL,	NULL,	NULL),
(95,	1577975667,	'SinauID',	'none',	'step3',	'INSERT INTO payments (participant_id, transaction_id, payment_method, payment_amount, payment_status, invoice_id, created, created_by, updated, updated_by) VALUES (\'1\', \'OVOID-1577975667\', \'2\', \'10\', \'approved\', \'5E0DFF7360D10-2\', \'1577975667\', \'SinauID\', \'1577975667\', \'SinauID\')',	'\"{\\\"txtOTPPin\\\":\\\"313378\\\",\\\"txtOVOToken\\\":\\\"716f0638edc0447fa904d464a471e9b4\\\"}\"',	'http://127.0.0.1/elearning/?merchant=ovo_request&act=step3',	'127.0.0.1',	'[]',	'{\"participant_id\":\"1\",\"transaction_id\":\"OVOID-1577975667\",\"payment_method\":2,\"payment_amount\":\"10\",\"payment_status\":\"approved\",\"invoice_id\":\"5E0DFF7360D10-2\",\"created\":1577975667,\"created_by\":\"SinauID\",\"updated\":1577975667,\"updated_by\":\"SinauID\"}',	NULL,	NULL,	NULL),
(96,	1578300190,	'SinauID',	'login',	'none',	'UPDATE admins SET admin_last_login = \'1578300190\' , admin_last_ip = \'127.0.0.1\' , admin_last_browser = \'Mozilla/5.0 (Windows NT 10.0; Win64; x64) AppleWebKit/537.36 (KHTML, like Gecko) Chrome/79.0.3945.88 Safari/537.36\' , updated = \'1578300190\' , updated_by = \'SinauID\' WHERE admin_id = 1',	'\"{\\\"login\\\":\\\"imamkusniadi\\\",\\\"passwd\\\":\\\"123456\\\"}\"',	'http://127.0.0.1/elearning/?do=login',	'127.0.0.1',	'[]',	'{\"admin_last_login\":1578300190,\"admin_last_ip\":\"127.0.0.1\",\"admin_last_browser\":\"Mozilla\\/5.0 (Windows NT 10.0; Win64; x64) AppleWebKit\\/537.36 (KHTML, like Gecko) Chrome\\/79.0.3945.88 Safari\\/537.36\",\"updated\":1578300190,\"updated_by\":\"SinauID\"}',	NULL,	NULL,	NULL),
(97,	1578300323,	'SinauID',	'login',	'none',	'UPDATE participants SET participant_last_login = \'1578300323\' , participant_last_ip = \'127.0.0.1\' , participant_last_browser = \'Mozilla/5.0 (Windows NT 10.0; Win64; x64) AppleWebKit/537.36 (KHTML, like Gecko) Chrome/79.0.3945.88 Safari/537.36\' , updated = \'1578300323\' , updated_by = \'SinauID\' WHERE participant_id = 3',	'\"{\\\"login\\\":\\\"mahmudza\\\",\\\"passwd\\\":\\\"123456\\\"}\"',	'http://127.0.0.1/elearning/?do=login',	'127.0.0.1',	'[]',	'{\"participant_last_login\":1578300323,\"participant_last_ip\":\"127.0.0.1\",\"participant_last_browser\":\"Mozilla\\/5.0 (Windows NT 10.0; Win64; x64) AppleWebKit\\/537.36 (KHTML, like Gecko) Chrome\\/79.0.3945.88 Safari\\/537.36\",\"updated\":1578300323,\"updated_by\":\"SinauID\"}',	NULL,	NULL,	NULL),
(98,	1578303176,	'SinauID',	'login',	'none',	'UPDATE admins SET admin_last_login = \'1578303176\' , admin_last_ip = \'127.0.0.1\' , admin_last_browser = \'Mozilla/5.0 (Windows NT 10.0; Win64; x64) AppleWebKit/537.36 (KHTML, like Gecko) Chrome/79.0.3945.88 Safari/537.36\' , updated = \'1578303176\' , updated_by = \'SinauID\' WHERE admin_id = 1',	'\"{\\\"login\\\":\\\"imamkusniadi\\\",\\\"passwd\\\":\\\"123456\\\"}\"',	'http://127.0.0.1/elearning/?do=login',	'127.0.0.1',	'[]',	'{\"admin_last_login\":1578303176,\"admin_last_ip\":\"127.0.0.1\",\"admin_last_browser\":\"Mozilla\\/5.0 (Windows NT 10.0; Win64; x64) AppleWebKit\\/537.36 (KHTML, like Gecko) Chrome\\/79.0.3945.88 Safari\\/537.36\",\"updated\":1578303176,\"updated_by\":\"SinauID\"}',	NULL,	NULL,	NULL),
(99,	1578303467,	'imamkusniadi',	'admin_group',	'update',	'UPDATE admin_group SET admin_group_name = \'Admin\' , admin_group_role = \'{\"dashboard\":{\"index\":\"1\"},\"change_logs\":{\"index\":\"1\"},\"account_profile\":{\"detail\":\"1\",\"change_password\":\"1\"}}\' , admin_group_status = \'1\' , updated = \'1578303467\' , updated_by = \'imamkusniadi\' WHERE admin_group_id = 6',	'\"{\\\"txtGroupName\\\":\\\"Admin\\\",\\\"cbStatus\\\":\\\"1\\\",\\\"cbxGroupRoles\\\":{\\\"dashboard\\\":{\\\"index\\\":\\\"1\\\"},\\\"change_logs\\\":{\\\"index\\\":\\\"1\\\"},\\\"account_profile\\\":{\\\"detail\\\":\\\"1\\\",\\\"change_password\\\":\\\"1\\\"}}}\"',	'http://127.0.0.1/elearning/?do=admin_group&act=update&id=11454',	'127.0.0.1',	'[]',	'{\"admin_group_name\":\"Admin\",\"admin_group_role\":\"{\\\"dashboard\\\":{\\\"index\\\":\\\"1\\\"},\\\"change_logs\\\":{\\\"index\\\":\\\"1\\\"},\\\"account_profile\\\":{\\\"detail\\\":\\\"1\\\",\\\"change_password\\\":\\\"1\\\"}}\",\"admin_group_status\":\"1\",\"updated\":1578303467,\"updated_by\":\"imamkusniadi\"}',	NULL,	NULL,	NULL),
(100,	1578311878,	'SinauID',	'login',	'none',	'UPDATE participants SET participant_last_login = \'1578311878\' , participant_last_ip = \'127.0.0.1\' , participant_last_browser = \'Mozilla/5.0 (Windows NT 10.0; Win64; x64) AppleWebKit/537.36 (KHTML, like Gecko) Chrome/79.0.3945.88 Safari/537.36\' , updated = \'1578311878\' , updated_by = \'SinauID\' WHERE participant_id = 3',	'\"{\\\"login\\\":\\\"mahmudza\\\",\\\"passwd\\\":\\\"123456\\\"}\"',	'http://127.0.0.1/elearning/?do=login',	'127.0.0.1',	'[]',	'{\"participant_last_login\":1578311878,\"participant_last_ip\":\"127.0.0.1\",\"participant_last_browser\":\"Mozilla\\/5.0 (Windows NT 10.0; Win64; x64) AppleWebKit\\/537.36 (KHTML, like Gecko) Chrome\\/79.0.3945.88 Safari\\/537.36\",\"updated\":1578311878,\"updated_by\":\"SinauID\"}',	NULL,	NULL,	NULL),
(101,	1578313648,	'SinauID',	'login',	'none',	'UPDATE admins SET admin_last_login = \'1578313648\' , admin_last_ip = \'127.0.0.1\' , admin_last_browser = \'Mozilla/5.0 (Windows NT 10.0; Win64; x64) AppleWebKit/537.36 (KHTML, like Gecko) Chrome/79.0.3945.88 Safari/537.36\' , updated = \'1578313648\' , updated_by = \'SinauID\' WHERE admin_id = 1',	'\"{\\\"login\\\":\\\"imamkusniadi\\\",\\\"passwd\\\":\\\"123456\\\"}\"',	'http://127.0.0.1/elearning/?do=login',	'127.0.0.1',	'[]',	'{\"admin_last_login\":1578313648,\"admin_last_ip\":\"127.0.0.1\",\"admin_last_browser\":\"Mozilla\\/5.0 (Windows NT 10.0; Win64; x64) AppleWebKit\\/537.36 (KHTML, like Gecko) Chrome\\/79.0.3945.88 Safari\\/537.36\",\"updated\":1578313648,\"updated_by\":\"SinauID\"}',	NULL,	NULL,	NULL),
(102,	1578313996,	'imamkusniadi',	'admin_group',	'update',	'UPDATE admin_group SET admin_group_name = \'Super Admin\' , admin_group_role = \'{\"dashboard\":{\"index\":\"1\"},\"account_profile\":{\"detail\":\"1\",\"change_password\":\"1\"},\"admin\":{\"index\":\"1\",\"add\":\"1\",\"update\":\"1\",\"detail\":\"1\",\"change_password\":\"1\",\"terminate\":\"1\"},\"admin_group\":{\"index\":\"1\",\"add\":\"1\",\"update\":\"1\",\"detail\":\"1\",\"delete\":\"1\"},\"participant\":{\"index\":\"1\",\"add\":\"1\",\"update\":\"1\",\"detail\":\"1\",\"change_password\":\"1\",\"terminate\":\"1\"},\"participant_group\":{\"index\":\"1\",\"add\":\"1\",\"update\":\"1\",\"detail\":\"1\",\"delete\":\"1\"},\"module\":{\"index\":\"1\",\"add\":\"1\",\"update\":\"1\",\"detail\":\"1\",\"delete\":\"1\"},\"module_group\":{\"index\":\"1\",\"add\":\"1\",\"update\":\"1\",\"detail\":\"1\",\"delete\":\"1\"},\"module_type\":{\"index\":\"1\",\"add\":\"1\",\"update\":\"1\",\"detail\":\"1\",\"delete\":\"1\"},\"question\":{\"index\":\"1\",\"add\":\"1\",\"update\":\"1\",\"detail\":\"1\",\"delete\":\"1\"},\"question_group\":{\"index\":\"1\",\"add\":\"1\",\"update\":\"1\",\"detail\":\"1\",\"delete\":\"1\"},\"question_type\":{\"index\":\"1\",\"add\":\"1\",\"update\":\"1\",\"detail\":\"1\",\"delete\":\"1\"},\"answer\":{\"index\":\"1\",\"add\":\"1\",\"update\":\"1\",\"detail\":\"1\",\"delete\":\"1\"}}\' , admin_group_status = \'1\' , updated = \'1578313996\' , updated_by = \'imamkusniadi\' WHERE admin_group_id = 1',	'\"{\\\"txtGroupName\\\":\\\"Super Admin\\\",\\\"cbStatus\\\":\\\"1\\\",\\\"cbxGroupRoles\\\":{\\\"dashboard\\\":{\\\"index\\\":\\\"1\\\"},\\\"account_profile\\\":{\\\"detail\\\":\\\"1\\\",\\\"change_password\\\":\\\"1\\\"},\\\"admin\\\":{\\\"index\\\":\\\"1\\\",\\\"add\\\":\\\"1\\\",\\\"update\\\":\\\"1\\\",\\\"detail\\\":\\\"1\\\",\\\"change_password\\\":\\\"1\\\",\\\"terminate\\\":\\\"1\\\"},\\\"admin_group\\\":{\\\"index\\\":\\\"1\\\",\\\"add\\\":\\\"1\\\",\\\"update\\\":\\\"1\\\",\\\"detail\\\":\\\"1\\\",\\\"delete\\\":\\\"1\\\"},\\\"participant\\\":{\\\"index\\\":\\\"1\\\",\\\"add\\\":\\\"1\\\",\\\"update\\\":\\\"1\\\",\\\"detail\\\":\\\"1\\\",\\\"change_password\\\":\\\"1\\\",\\\"terminate\\\":\\\"1\\\"},\\\"participant_group\\\":{\\\"index\\\":\\\"1\\\",\\\"add\\\":\\\"1\\\",\\\"update\\\":\\\"1\\\",\\\"detail\\\":\\\"1\\\",\\\"delete\\\":\\\"1\\\"},\\\"module\\\":{\\\"index\\\":\\\"1\\\",\\\"add\\\":\\\"1\\\",\\\"update\\\":\\\"1\\\",\\\"detail\\\":\\\"1\\\",\\\"delete\\\":\\\"1\\\"},\\\"module_group\\\":{\\\"index\\\":\\\"1\\\",\\\"add\\\":\\\"1\\\",\\\"update\\\":\\\"1\\\",\\\"detail\\\":\\\"1\\\",\\\"delete\\\":\\\"1\\\"},\\\"module_type\\\":{\\\"index\\\":\\\"1\\\",\\\"add\\\":\\\"1\\\",\\\"update\\\":\\\"1\\\",\\\"detail\\\":\\\"1\\\",\\\"delete\\\":\\\"1\\\"},\\\"question\\\":{\\\"index\\\":\\\"1\\\",\\\"add\\\":\\\"1\\\",\\\"update\\\":\\\"1\\\",\\\"detail\\\":\\\"1\\\",\\\"delete\\\":\\\"1\\\"},\\\"question_group\\\":{\\\"index\\\":\\\"1\\\",\\\"add\\\":\\\"1\\\",\\\"update\\\":\\\"1\\\",\\\"detail\\\":\\\"1\\\",\\\"delete\\\":\\\"1\\\"},\\\"question_type\\\":{\\\"index\\\":\\\"1\\\",\\\"add\\\":\\\"1\\\",\\\"update\\\":\\\"1\\\",\\\"detail\\\":\\\"1\\\",\\\"delete\\\":\\\"1\\\"},\\\"answer\\\":{\\\"index\\\":\\\"1\\\",\\\"add\\\":\\\"1\\\",\\\"update\\\":\\\"1\\\",\\\"detail\\\":\\\"1\\\",\\\"delete\\\":\\\"1\\\"}}}\"',	'http://127.0.0.1/elearning/?do=admin_group&act=update&id=1909',	'127.0.0.1',	'[]',	'{\"admin_group_name\":\"Super Admin\",\"admin_group_role\":\"{\\\"dashboard\\\":{\\\"index\\\":\\\"1\\\"},\\\"account_profile\\\":{\\\"detail\\\":\\\"1\\\",\\\"change_password\\\":\\\"1\\\"},\\\"admin\\\":{\\\"index\\\":\\\"1\\\",\\\"add\\\":\\\"1\\\",\\\"update\\\":\\\"1\\\",\\\"detail\\\":\\\"1\\\",\\\"change_password\\\":\\\"1\\\",\\\"terminate\\\":\\\"1\\\"},\\\"admin_group\\\":{\\\"index\\\":\\\"1\\\",\\\"add\\\":\\\"1\\\",\\\"update\\\":\\\"1\\\",\\\"detail\\\":\\\"1\\\",\\\"delete\\\":\\\"1\\\"},\\\"participant\\\":{\\\"index\\\":\\\"1\\\",\\\"add\\\":\\\"1\\\",\\\"update\\\":\\\"1\\\",\\\"detail\\\":\\\"1\\\",\\\"change_password\\\":\\\"1\\\",\\\"terminate\\\":\\\"1\\\"},\\\"participant_group\\\":{\\\"index\\\":\\\"1\\\",\\\"add\\\":\\\"1\\\",\\\"update\\\":\\\"1\\\",\\\"detail\\\":\\\"1\\\",\\\"delete\\\":\\\"1\\\"},\\\"module\\\":{\\\"index\\\":\\\"1\\\",\\\"add\\\":\\\"1\\\",\\\"update\\\":\\\"1\\\",\\\"detail\\\":\\\"1\\\",\\\"delete\\\":\\\"1\\\"},\\\"module_group\\\":{\\\"index\\\":\\\"1\\\",\\\"add\\\":\\\"1\\\",\\\"update\\\":\\\"1\\\",\\\"detail\\\":\\\"1\\\",\\\"delete\\\":\\\"1\\\"},\\\"module_type\\\":{\\\"index\\\":\\\"1\\\",\\\"add\\\":\\\"1\\\",\\\"update\\\":\\\"1\\\",\\\"detail\\\":\\\"1\\\",\\\"delete\\\":\\\"1\\\"},\\\"question\\\":{\\\"index\\\":\\\"1\\\",\\\"add\\\":\\\"1\\\",\\\"update\\\":\\\"1\\\",\\\"detail\\\":\\\"1\\\",\\\"delete\\\":\\\"1\\\"},\\\"question_group\\\":{\\\"index\\\":\\\"1\\\",\\\"add\\\":\\\"1\\\",\\\"update\\\":\\\"1\\\",\\\"detail\\\":\\\"1\\\",\\\"delete\\\":\\\"1\\\"},\\\"question_type\\\":{\\\"index\\\":\\\"1\\\",\\\"add\\\":\\\"1\\\",\\\"update\\\":\\\"1\\\",\\\"detail\\\":\\\"1\\\",\\\"delete\\\":\\\"1\\\"},\\\"answer\\\":{\\\"index\\\":\\\"1\\\",\\\"add\\\":\\\"1\\\",\\\"update\\\":\\\"1\\\",\\\"detail\\\":\\\"1\\\",\\\"delete\\\":\\\"1\\\"}}\",\"admin_group_status\":\"1\",\"updated\":1578313996,\"updated_by\":\"imamkusniadi\"}',	NULL,	NULL,	NULL),
(103,	1578314986,	'imamkusniadi',	'change_password',	'none',	'UPDATE admins SET admin_password = \'4427254d6887d297fe5c6d714dae05623937c9bc\' , updated = \'1578314986\' , updated_by = \'imamkusniadi\' WHERE admin_id = 1',	'\"{\\\"txtNewPassword\\\":\\\"123456\\\",\\\"txtNewPasswordVerify\\\":\\\"123456\\\"}\"',	'http://127.0.0.1/elearning/?do=change_password',	'127.0.0.1',	'[]',	'{\"admin_password\":\"4427254d6887d297fe5c6d714dae05623937c9bc\",\"updated\":1578314986,\"updated_by\":\"imamkusniadi\"}',	NULL,	NULL,	NULL),
(104,	1578315002,	'imamkusniadi',	'change_password',	'none',	'UPDATE admins SET admin_password = \'4427254d6887d297fe5c6d714dae05623937c9bc\' , updated = \'1578315002\' , updated_by = \'imamkusniadi\' WHERE admin_id = 1',	'\"{\\\"txtNewPassword\\\":\\\"123456\\\",\\\"txtNewPasswordVerify\\\":\\\"123456\\\"}\"',	'http://127.0.0.1/elearning/?do=change_password',	'127.0.0.1',	'[]',	'{\"admin_password\":\"4427254d6887d297fe5c6d714dae05623937c9bc\",\"updated\":1578315002,\"updated_by\":\"imamkusniadi\"}',	NULL,	NULL,	NULL),
(105,	1578315062,	'imamkusniadi',	'question_group',	'update',	'UPDATE question_group SET question_group_name = \'Kalkulus\' , question_group_status = \'1\' , updated = \'1578315062\' , updated_by = \'imamkusniadi\' WHERE question_group_id = 1',	'\"{\\\"txtGroupName\\\":\\\"Kalkulus\\\",\\\"cbStatus\\\":\\\"1\\\"}\"',	'http://127.0.0.1/elearning/?do=question_group&act=update&id=1909',	'127.0.0.1',	'[]',	'{\"question_group_name\":\"Kalkulus\",\"question_group_status\":\"1\",\"updated\":1578315062,\"updated_by\":\"imamkusniadi\"}',	NULL,	NULL,	NULL),
(106,	1578315343,	'imamkusniadi',	'change_password',	'none',	'UPDATE admins SET admin_password = \'4427254d6887d297fe5c6d714dae05623937c9bc\' , updated = \'1578315343\' , updated_by = \'imamkusniadi\' WHERE admin_id = 1',	'\"{\\\"txtNewPassword\\\":\\\"123456\\\",\\\"txtNewPasswordVerify\\\":\\\"123456\\\"}\"',	'http://127.0.0.1/elearning/?do=change_password',	'127.0.0.1',	'[]',	'{\"admin_password\":\"4427254d6887d297fe5c6d714dae05623937c9bc\",\"updated\":1578315343,\"updated_by\":\"imamkusniadi\"}',	NULL,	NULL,	NULL),
(107,	1578315521,	'imamkusniadi',	'change_password',	'update',	'UPDATE admins SET admin_password = \'4427254d6887d297fe5c6d714dae05623937c9bc\' , updated = \'1578315521\' , updated_by = \'imamkusniadi\' WHERE admin_id = 1',	'\"{\\\"txtNewPassword\\\":\\\"123456\\\",\\\"txtNewPasswordVerify\\\":\\\"123456\\\"}\"',	'http://127.0.0.1/elearning/?do=change_password&act=update&id=1909',	'127.0.0.1',	'[]',	'{\"admin_password\":\"4427254d6887d297fe5c6d714dae05623937c9bc\",\"updated\":1578315521,\"updated_by\":\"imamkusniadi\"}',	NULL,	NULL,	NULL),
(108,	1578315749,	'imamkusniadi',	'question_group',	'update',	'UPDATE question_group SET question_group_name = \'Kalkulus\' , question_group_status = \'1\' , updated = \'1578315749\' , updated_by = \'imamkusniadi\' WHERE question_group_id = 1',	'\"{\\\"txtGroupName\\\":\\\"Kalkulus\\\",\\\"cbStatus\\\":\\\"1\\\"}\"',	'http://127.0.0.1/elearning/?do=question_group&act=update&id=1909',	'127.0.0.1',	'[]',	'{\"question_group_name\":\"Kalkulus\",\"question_group_status\":\"1\",\"updated\":1578315749,\"updated_by\":\"imamkusniadi\"}',	NULL,	NULL,	NULL),
(109,	1578315758,	'imamkusniadi',	'change_password',	'update',	'UPDATE admins SET admin_password = \'4427254d6887d297fe5c6d714dae05623937c9bc\' , updated = \'1578315758\' , updated_by = \'imamkusniadi\' WHERE admin_id = 1',	'\"{\\\"txtNewPassword\\\":\\\"123456\\\",\\\"txtNewPasswordVerify\\\":\\\"123456\\\"}\"',	'http://127.0.0.1/elearning/?do=change_password&act=update&id=1909',	'127.0.0.1',	'[]',	'{\"admin_password\":\"4427254d6887d297fe5c6d714dae05623937c9bc\",\"updated\":1578315758,\"updated_by\":\"imamkusniadi\"}',	NULL,	NULL,	NULL);

DROP TABLE IF EXISTS `configs`;
CREATE TABLE `configs` (
  `faceai_server` varchar(100) DEFAULT NULL,
  `faceai_login` varchar(36) DEFAULT NULL,
  `faceai_password` varchar(36) DEFAULT NULL,
  `paypal_sandbox_account` varchar(36) DEFAULT NULL,
  `paypal_client_id` text DEFAULT NULL,
  `paypal_client_secret` text DEFAULT NULL,
  `paypal_live_payment` smallint(6) DEFAULT NULL,
  `ovo_number` varchar(12) DEFAULT NULL
) ENGINE=InnoDB DEFAULT CHARSET=latin1;

INSERT INTO `configs` (`faceai_server`, `faceai_login`, `faceai_password`, `paypal_sandbox_account`, `paypal_client_id`, `paypal_client_secret`, `paypal_live_payment`, `ovo_number`) VALUES
('http://127.0.0.1:8000/faceai/api/v1/',	'sinauid',	'mantapmantapenak',	'sb-d643gi783512@business.example.com',	'ASZablu8aoAO0-_1asXPYSjM9-BQ9qdkwE3eUDiITp_Snxouz4vWvSGGPf1lYFz3_ekUwHB8Xss5OhCX',	'EFTBuQQD5RmjvRRZ8x5rd2967DrU7-k6u3eGgZ_nudXHoEnhTaMCuZAes8xfCrmXhrvLlzJAliAjeg3E',	1,	'082334118150');

DROP TABLE IF EXISTS `exams`;
CREATE TABLE `exams` (
  `participant_id` int(11) NOT NULL,
  `created` int(11) NOT NULL,
  `updated` int(11) NOT NULL,
  `created_by` varchar(32) NOT NULL,
  `updated_by` varchar(32) NOT NULL,
  `question_number` smallint(6) NOT NULL,
  `question_id` smallint(6) NOT NULL,
  `answer_id` smallint(6) DEFAULT NULL,
  `status` smallint(6) NOT NULL,
  `time` int(11) DEFAULT NULL
) ENGINE=InnoDB DEFAULT CHARSET=latin1;

INSERT INTO `exams` (`participant_id`, `created`, `updated`, `created_by`, `updated_by`, `question_number`, `question_id`, `answer_id`, `status`, `time`) VALUES
(1,	1577669810,	1577669810,	'testuser',	'testuser',	1,	1,	2,	1,	NULL);

DROP TABLE IF EXISTS `exam_schedules`;
CREATE TABLE `exam_schedules` (
  `exam_schedule_id` int(11) NOT NULL AUTO_INCREMENT,
  `created` int(11) NOT NULL,
  `updated` int(11) NOT NULL,
  `created_by` varchar(32) NOT NULL,
  `updated_by` varchar(32) NOT NULL,
  `start_date` int(11) DEFAULT NULL,
  `completion_date` int(11) DEFAULT NULL,
  PRIMARY KEY (`exam_schedule_id`)
) ENGINE=InnoDB DEFAULT CHARSET=latin1;


DROP TABLE IF EXISTS `exam_status`;
CREATE TABLE `exam_status` (
  `participant_id` int(11) NOT NULL,
  `created` int(11) NOT NULL,
  `updated` int(11) NOT NULL,
  `created_by` varchar(32) NOT NULL,
  `updated_by` varchar(32) NOT NULL,
  `question_type_id` int(11) NOT NULL,
  `total_question` smallint(6) DEFAULT NULL,
  `total_answered` smallint(6) DEFAULT NULL,
  `total_correct` smallint(6) DEFAULT NULL,
  `value` double DEFAULT NULL,
  KEY `question_type_id` (`question_type_id`),
  CONSTRAINT `exam_status_ibfk_1` FOREIGN KEY (`question_type_id`) REFERENCES `question_types` (`question_type_id`)
) ENGINE=InnoDB DEFAULT CHARSET=latin1;

INSERT INTO `exam_status` (`participant_id`, `created`, `updated`, `created_by`, `updated_by`, `question_type_id`, `total_question`, `total_answered`, `total_correct`, `value`) VALUES
(1,	1577669810,	1577669810,	'testuser',	'testuser',	1,	10,	1,	0,	0);

DROP TABLE IF EXISTS `modules`;
CREATE TABLE `modules` (
  `module_id` int(11) NOT NULL,
  `created` int(11) NOT NULL,
  `updated` int(11) NOT NULL,
  `created_by` varchar(32) NOT NULL,
  `updated_by` varchar(32) NOT NULL,
  `module_type_id` int(11) NOT NULL,
  `module_text` text DEFAULT NULL,
  `module_image` varchar(100) DEFAULT NULL,
  `module_status` smallint(6) NOT NULL
) ENGINE=InnoDB DEFAULT CHARSET=latin1;


DROP TABLE IF EXISTS `module_group`;
CREATE TABLE `module_group` (
  `module_group_id` int(11) NOT NULL,
  `created` int(11) NOT NULL,
  `updated` int(11) NOT NULL,
  `created_by` varchar(32) NOT NULL,
  `updated_by` varchar(32) NOT NULL,
  `module_group_name` varchar(150) DEFAULT NULL,
  `module_group_status` smallint(6) NOT NULL
) ENGINE=InnoDB DEFAULT CHARSET=latin1;


DROP TABLE IF EXISTS `module_types`;
CREATE TABLE `module_types` (
  `module_type_id` int(11) NOT NULL,
  `created` int(11) NOT NULL,
  `updated` int(11) NOT NULL,
  `created_by` varchar(32) NOT NULL,
  `updated_by` varchar(32) NOT NULL,
  `module_type` varchar(30) DEFAULT NULL,
  `total` smallint(6) DEFAULT NULL,
  `module_group_id` int(11) NOT NULL
) ENGINE=InnoDB DEFAULT CHARSET=latin1;


DROP TABLE IF EXISTS `participants`;
CREATE TABLE `participants` (
  `participant_id` int(11) NOT NULL AUTO_INCREMENT,
  `created` int(11) NOT NULL,
  `updated` int(11) NOT NULL,
  `created_by` varchar(32) NOT NULL,
  `updated_by` varchar(32) NOT NULL,
  `participant_name` varchar(150) NOT NULL,
  `participant_email` varchar(150) DEFAULT NULL,
  `participant_login` varchar(32) NOT NULL,
  `participant_password` varchar(40) NOT NULL,
  `participant_last_login` int(11) DEFAULT NULL,
  `participant_last_ip` varchar(45) DEFAULT NULL,
  `participant_last_browser` text DEFAULT NULL,
  `participant_group_id` int(11) NOT NULL,
  `profile_image` text NOT NULL,
  `address` varchar(200) DEFAULT NULL,
  `regencie` int(11) DEFAULT NULL,
  `province` int(11) DEFAULT NULL,
  `postal_code` varchar(5) DEFAULT NULL,
  `telephone` varchar(50) DEFAULT NULL,
  `participant_forgot_code` varchar(32) DEFAULT NULL,
  `participant_forgot_status` int(11) NOT NULL,
  `participant_status` int(11) NOT NULL,
  PRIMARY KEY (`participant_id`)
) ENGINE=InnoDB DEFAULT CHARSET=latin1;

INSERT INTO `participants` (`participant_id`, `created`, `updated`, `created_by`, `updated_by`, `participant_name`, `participant_email`, `participant_login`, `participant_password`, `participant_last_login`, `participant_last_ip`, `participant_last_browser`, `participant_group_id`, `profile_image`, `address`, `regencie`, `province`, `postal_code`, `telephone`, `participant_forgot_code`, `participant_forgot_status`, `participant_status`) VALUES
(1,	1562253113,	1577975667,	'SinauID',	'SinauID',	'Meritha Vridawati',	'testuser@example.com',	'testuser',	'4427254d6887d297fe5c6d714dae05623937c9bc',	1577972947,	'127.0.0.1',	'Mozilla/5.0 (Windows NT 10.0; Win64; x64) AppleWebKit/537.36 (KHTML, like Gecko) Chrome/79.0.3945.88 Safari/537.36',	0,	'',	NULL,	NULL,	NULL,	NULL,	NULL,	NULL,	2,	1),
(3,	1575858628,	1578311878,	'SinauID',	'SinauID',	'Mahmud Zakaria A',	'mahmudza@sinau.id',	'mahmudza',	'4427254d6887d297fe5c6d714dae05623937c9bc',	1578311878,	'127.0.0.1',	'Mozilla/5.0 (Windows NT 10.0; Win64; x64) AppleWebKit/537.36 (KHTML, like Gecko) Chrome/79.0.3945.88 Safari/537.36',	1,	'',	NULL,	NULL,	NULL,	NULL,	NULL,	NULL,	2,	1),
(4,	1575969908,	1575969967,	'SinauID',	'SinauID',	'mahmud',	'aaa@email.com',	'mahmud12',	'00f5bad54327b6fbeb7c0999253fec930c7119c5',	1575969967,	'127.0.0.1',	'Mozilla/5.0 (Windows NT 10.0; Win64; x64) AppleWebKit/537.36 (KHTML, like Gecko) Chrome/78.0.3904.108 Safari/537.36',	1,	'',	NULL,	NULL,	NULL,	NULL,	NULL,	NULL,	2,	1);

DROP TABLE IF EXISTS `participant_group`;
CREATE TABLE `participant_group` (
  `participant_group_id` int(11) NOT NULL AUTO_INCREMENT,
  `created` int(11) NOT NULL,
  `updated` int(11) NOT NULL,
  `created_by` varchar(32) NOT NULL,
  `updated_by` varchar(32) NOT NULL,
  `participant_group_name` varchar(150) NOT NULL,
  `participant_group_role` longtext CHARACTER SET utf8mb4 COLLATE utf8mb4_bin DEFAULT NULL,
  `participant_group_price` float DEFAULT NULL,
  `participant_group_status` smallint(6) NOT NULL,
  PRIMARY KEY (`participant_group_id`)
) ENGINE=InnoDB DEFAULT CHARSET=latin1;

INSERT INTO `participant_group` (`participant_group_id`, `created`, `updated`, `created_by`, `updated_by`, `participant_group_name`, `participant_group_role`, `participant_group_price`, `participant_group_status`) VALUES
(1,	1530884439,	1576991090,	'SinauID',	'imamkusniadi',	'Reguler',	'{\"dashboard\":{\"index\":\"1\"},\"change_logs\":{\"index\":\"1\"},\"account_profile\":{\"detail\":\"1\",\"change_password\":\"1\"},\"module\":{\"index\":\"1\"},\"assessment\":{\"index\":\"1\",\"activity\":\"1\",\"record\":\"1\"}}',	NULL,	1),
(2,	1576980629,	1577028878,	'imamkusniadi',	'imamkusniadi',	'Premium',	'{\"dashboard\":{\"index\":\"1\"},\"change_logs\":{\"index\":\"1\"},\"account_profile\":{\"detail\":\"1\",\"change_password\":\"1\"},\"module\":{\"index\":\"1\",\"premium\":\"1\"},\"assessment\":{\"index\":\"1\",\"activity\":\"1\",\"record\":\"1\",\"premium\":\"1\"}}',	10,	1);

DROP TABLE IF EXISTS `payments`;
CREATE TABLE `payments` (
  `payment_id` int(11) NOT NULL AUTO_INCREMENT,
  `created` int(11) NOT NULL,
  `updated` int(11) NOT NULL,
  `created_by` varchar(32) NOT NULL,
  `updated_by` varchar(32) NOT NULL,
  `participant_id` int(11) NOT NULL,
  `transaction_id` varchar(120) DEFAULT NULL,
  `invoice_id` varchar(120) DEFAULT NULL,
  `payment_method` int(11) NOT NULL,
  `payment_amount` float NOT NULL,
  `payment_status` varchar(36) NOT NULL,
  PRIMARY KEY (`payment_id`),
  KEY `participant_id` (`participant_id`),
  CONSTRAINT `payments_ibfk_1` FOREIGN KEY (`participant_id`) REFERENCES `participants` (`participant_id`)
) ENGINE=InnoDB DEFAULT CHARSET=latin1;

INSERT INTO `payments` (`payment_id`, `created`, `updated`, `created_by`, `updated_by`, `participant_id`, `transaction_id`, `invoice_id`, `payment_method`, `payment_amount`, `payment_status`) VALUES
(1,	1577009523,	1577009523,	'SinauID',	'SinauID',	1,	'PAYID-LX7UA2Y4U88223597901324T',	'5dff406733c32',	1,	10,	'approved'),
(2,	1577010480,	1577010480,	'SinauID',	'SinauID',	1,	'PAYID-LX7UJ6Q5T1388327N814792K',	'5DFF44F6A77DB-2',	1,	10,	'approved'),
(3,	1577010805,	1577010805,	'SinauID',	'SinauID',	1,	'PAYID-LX7UMWA0ST31722242875125',	'5DFF465471DC0-2',	1,	10,	'approved'),
(4,	1577010948,	1577010948,	'SinauID',	'SinauID',	1,	'PAYID-LX7UNZI06W381198T638113B',	'5DFF46E1A158A-2',	1,	10,	'approved'),
(5,	1577011505,	1577011505,	'SinauID',	'SinauID',	1,	'PAYID-LX7UR7I3MK805414G966912L',	'5DFF48FA4354D-2',	1,	10,	'approved'),
(6,	1577011560,	1577011560,	'SinauID',	'SinauID',	1,	'PAYID-LX7UR7I3MK805414G966912L',	'5DFF48FA4354D-2',	1,	10,	'approved'),
(7,	1577975667,	1577975667,	'SinauID',	'SinauID',	1,	'OVOID-1577975667',	'5E0DFF7360D10-2',	2,	10,	'approved');

DROP TABLE IF EXISTS `provinces`;
CREATE TABLE `provinces` (
  `province_id` int(11) NOT NULL,
  `name` varchar(32) NOT NULL
) ENGINE=InnoDB DEFAULT CHARSET=latin1;

INSERT INTO `provinces` (`province_id`, `name`) VALUES
(11,	'ACEH'),
(12,	'SUMATERA UTARA'),
(13,	'SUMATERA BARAT'),
(14,	'RIAU'),
(15,	'JAMBI'),
(16,	'SUMATERA SELATAN'),
(17,	'BENGKULU'),
(18,	'LAMPUNG'),
(19,	'KEPULAUAN BANGKA BELITUNG'),
(21,	'KEPULAUAN RIAU'),
(31,	'DKI JAKARTA'),
(32,	'JAWA BARAT'),
(33,	'JAWA TENGAH'),
(34,	'DI YOGYAKARTA'),
(35,	'JAWA TIMUR'),
(36,	'BANTEN'),
(51,	'BALI'),
(52,	'NUSA TENGGARA BARAT'),
(53,	'NUSA TENGGARA TIMUR'),
(61,	'KALIMANTAN BARAT'),
(62,	'KALIMANTAN TENGAH'),
(63,	'KALIMANTAN SELATAN'),
(64,	'KALIMANTAN TIMUR'),
(65,	'KALIMANTAN UTARA'),
(71,	'SULAWESI UTARA'),
(72,	'SULAWESI TENGAH'),
(73,	'SULAWESI SELATAN'),
(74,	'SULAWESI TENGGARA'),
(75,	'GORONTALO'),
(76,	'SULAWESI BARAT'),
(81,	'MALUKU'),
(82,	'MALUKU UTARA'),
(91,	'PAPUA BARAT'),
(94,	'PAPUA');

DROP TABLE IF EXISTS `questions`;
CREATE TABLE `questions` (
  `question_id` int(11) NOT NULL AUTO_INCREMENT,
  `created` int(11) NOT NULL,
  `updated` int(11) NOT NULL,
  `created_by` varchar(32) NOT NULL,
  `updated_by` varchar(32) NOT NULL,
  `question_type_id` int(11) NOT NULL,
  `question_text` text DEFAULT NULL,
  `question_image` varchar(100) DEFAULT NULL,
  `question_status` smallint(6) NOT NULL,
  PRIMARY KEY (`question_id`)
) ENGINE=InnoDB DEFAULT CHARSET=latin1;

INSERT INTO `questions` (`question_id`, `created`, `updated`, `created_by`, `updated_by`, `question_type_id`, `question_text`, `question_image`, `question_status`) VALUES
(1,	1577628822,	1577628822,	'imamkusniadi',	'imamkusniadi',	1,	'Apa kepanjangan dari PHP?',	NULL,	1);

DROP TABLE IF EXISTS `question_group`;
CREATE TABLE `question_group` (
  `question_group_id` int(11) NOT NULL AUTO_INCREMENT,
  `created` int(11) NOT NULL,
  `updated` int(11) NOT NULL,
  `created_by` varchar(32) NOT NULL,
  `updated_by` varchar(32) NOT NULL,
  `question_group_name` varchar(150) NOT NULL,
  `question_group_status` smallint(6) NOT NULL,
  PRIMARY KEY (`question_group_id`)
) ENGINE=InnoDB DEFAULT CHARSET=latin1;

INSERT INTO `question_group` (`question_group_id`, `created`, `updated`, `created_by`, `updated_by`, `question_group_name`, `question_group_status`) VALUES
(1,	1576914926,	1578315749,	'imamkusniadi',	'imamkusniadi',	'Kalkulus',	1),
(2,	1577628822,	1577628822,	'imamkusniadi',	'imamkusniadi',	'Pemrograman Web Lanjut',	1);

DROP TABLE IF EXISTS `question_types`;
CREATE TABLE `question_types` (
  `question_type_id` int(11) NOT NULL AUTO_INCREMENT,
  `created` int(11) NOT NULL,
  `updated` int(11) NOT NULL,
  `created_by` varchar(32) NOT NULL,
  `updated_by` varchar(32) NOT NULL,
  `question_type` varchar(30) DEFAULT NULL,
  `total` smallint(6) DEFAULT NULL,
  `question_group_id` int(11) NOT NULL,
  PRIMARY KEY (`question_type_id`)
) ENGINE=InnoDB DEFAULT CHARSET=latin1;

INSERT INTO `question_types` (`question_type_id`, `created`, `updated`, `created_by`, `updated_by`, `question_type`, `total`, `question_group_id`) VALUES
(1,	1577628822,	1577628822,	'imamkusniadi',	'imamkusniadi',	'Dasar Pemrograman PHP',	10,	2);

DROP TABLE IF EXISTS `regencies`;
CREATE TABLE `regencies` (
  `regencie_id` int(11) NOT NULL,
  `province_id` int(11) NOT NULL,
  `name` varchar(32) NOT NULL
) ENGINE=InnoDB DEFAULT CHARSET=latin1;

INSERT INTO `regencies` (`regencie_id`, `province_id`, `name`) VALUES
(1101,	11,	'KABUPATEN SIMEULUE'),
(1102,	11,	'KABUPATEN ACEH SINGKIL'),
(1103,	11,	'KABUPATEN ACEH SELATAN'),
(1104,	11,	'KABUPATEN ACEH TENGGARA'),
(1105,	11,	'KABUPATEN ACEH TIMUR'),
(1106,	11,	'KABUPATEN ACEH TENGAH'),
(1107,	11,	'KABUPATEN ACEH BARAT'),
(1108,	11,	'KABUPATEN ACEH BESAR'),
(1109,	11,	'KABUPATEN PIDIE'),
(1110,	11,	'KABUPATEN BIREUEN'),
(1111,	11,	'KABUPATEN ACEH UTARA'),
(1112,	11,	'KABUPATEN ACEH BARAT DAYA'),
(1113,	11,	'KABUPATEN GAYO LUES'),
(1114,	11,	'KABUPATEN ACEH TAMIANG'),
(1115,	11,	'KABUPATEN NAGAN RAYA'),
(1116,	11,	'KABUPATEN ACEH JAYA'),
(1117,	11,	'KABUPATEN BENER MERIAH'),
(1118,	11,	'KABUPATEN PIDIE JAYA'),
(1171,	11,	'KOTA BANDA ACEH'),
(1172,	11,	'KOTA SABANG'),
(1173,	11,	'KOTA LANGSA'),
(1174,	11,	'KOTA LHOKSEUMAWE'),
(1175,	11,	'KOTA SUBULUSSALAM'),
(1201,	12,	'KABUPATEN NIAS'),
(1202,	12,	'KABUPATEN MANDAILING NATAL'),
(1203,	12,	'KABUPATEN TAPANULI SELATAN'),
(1204,	12,	'KABUPATEN TAPANULI TENGAH'),
(1205,	12,	'KABUPATEN TAPANULI UTARA'),
(1206,	12,	'KABUPATEN TOBA SAMOSIR'),
(1207,	12,	'KABUPATEN LABUHAN BATU'),
(1208,	12,	'KABUPATEN ASAHAN'),
(1209,	12,	'KABUPATEN SIMALUNGUN'),
(1210,	12,	'KABUPATEN DAIRI'),
(1211,	12,	'KABUPATEN KARO'),
(1212,	12,	'KABUPATEN DELI SERDANG'),
(1213,	12,	'KABUPATEN LANGKAT'),
(1214,	12,	'KABUPATEN NIAS SELATAN'),
(1215,	12,	'KABUPATEN HUMBANG HASUNDUTAN'),
(1216,	12,	'KABUPATEN PAKPAK BHARAT'),
(1217,	12,	'KABUPATEN SAMOSIR'),
(1218,	12,	'KABUPATEN SERDANG BEDAGAI'),
(1219,	12,	'KABUPATEN BATU BARA'),
(1220,	12,	'KABUPATEN PADANG LAWAS UTARA'),
(1221,	12,	'KABUPATEN PADANG LAWAS'),
(1222,	12,	'KABUPATEN LABUHAN BATU SELATAN'),
(1223,	12,	'KABUPATEN LABUHAN BATU UTARA'),
(1224,	12,	'KABUPATEN NIAS UTARA'),
(1225,	12,	'KABUPATEN NIAS BARAT'),
(1271,	12,	'KOTA SIBOLGA'),
(1272,	12,	'KOTA TANJUNG BALAI'),
(1273,	12,	'KOTA PEMATANG SIANTAR'),
(1274,	12,	'KOTA TEBING TINGGI'),
(1275,	12,	'KOTA MEDAN'),
(1276,	12,	'KOTA BINJAI'),
(1277,	12,	'KOTA PADANGSIDIMPUAN'),
(1278,	12,	'KOTA GUNUNGSITOLI'),
(1301,	13,	'KABUPATEN KEPULAUAN MENTAWAI'),
(1302,	13,	'KABUPATEN PESISIR SELATAN'),
(1303,	13,	'KABUPATEN SOLOK'),
(1304,	13,	'KABUPATEN SIJUNJUNG'),
(1305,	13,	'KABUPATEN TANAH DATAR'),
(1306,	13,	'KABUPATEN PADANG PARIAMAN'),
(1307,	13,	'KABUPATEN AGAM'),
(1308,	13,	'KABUPATEN LIMA PULUH KOTA'),
(1309,	13,	'KABUPATEN PASAMAN'),
(1310,	13,	'KABUPATEN SOLOK SELATAN'),
(1311,	13,	'KABUPATEN DHARMASRAYA'),
(1312,	13,	'KABUPATEN PASAMAN BARAT'),
(1371,	13,	'KOTA PADANG'),
(1372,	13,	'KOTA SOLOK'),
(1373,	13,	'KOTA SAWAH LUNTO'),
(1374,	13,	'KOTA PADANG PANJANG'),
(1375,	13,	'KOTA BUKITTINGGI'),
(1376,	13,	'KOTA PAYAKUMBUH'),
(1377,	13,	'KOTA PARIAMAN'),
(1401,	14,	'KABUPATEN KUANTAN SINGINGI'),
(1402,	14,	'KABUPATEN INDRAGIRI HULU'),
(1403,	14,	'KABUPATEN INDRAGIRI HILIR'),
(1404,	14,	'KABUPATEN PELALAWAN'),
(1405,	14,	'KABUPATEN S I A K'),
(1406,	14,	'KABUPATEN KAMPAR'),
(1407,	14,	'KABUPATEN ROKAN HULU'),
(1408,	14,	'KABUPATEN BENGKALIS'),
(1409,	14,	'KABUPATEN ROKAN HILIR'),
(1410,	14,	'KABUPATEN KEPULAUAN MERANTI'),
(1471,	14,	'KOTA PEKANBARU'),
(1473,	14,	'KOTA D U M A I'),
(1501,	15,	'KABUPATEN KERINCI'),
(1502,	15,	'KABUPATEN MERANGIN'),
(1503,	15,	'KABUPATEN SAROLANGUN'),
(1504,	15,	'KABUPATEN BATANG HARI'),
(1505,	15,	'KABUPATEN MUARO JAMBI'),
(1506,	15,	'KABUPATEN TANJUNG JABUNG TIMUR'),
(1507,	15,	'KABUPATEN TANJUNG JABUNG BARAT'),
(1508,	15,	'KABUPATEN TEBO'),
(1509,	15,	'KABUPATEN BUNGO'),
(1571,	15,	'KOTA JAMBI'),
(1572,	15,	'KOTA SUNGAI PENUH'),
(1601,	16,	'KABUPATEN OGAN KOMERING ULU'),
(1602,	16,	'KABUPATEN OGAN KOMERING ILIR'),
(2104,	21,	'KABUPATEN LINGGA'),
(2105,	21,	'KABUPATEN KEPULAUAN ANAMBAS'),
(2171,	21,	'KOTA B A T A M'),
(2172,	21,	'KOTA TANJUNG PINANG'),
(3101,	31,	'KABUPATEN KEPULAUAN SERIBU'),
(3171,	31,	'KOTA JAKARTA SELATAN'),
(3172,	31,	'KOTA JAKARTA TIMUR'),
(3173,	31,	'KOTA JAKARTA PUSAT'),
(3174,	31,	'KOTA JAKARTA BARAT'),
(3175,	31,	'KOTA JAKARTA UTARA'),
(3201,	32,	'KABUPATEN BOGOR'),
(3202,	32,	'KABUPATEN SUKABUMI'),
(3203,	32,	'KABUPATEN CIANJUR'),
(3204,	32,	'KABUPATEN BANDUNG'),
(3205,	32,	'KABUPATEN GARUT'),
(3206,	32,	'KABUPATEN TASIKMALAYA'),
(3207,	32,	'KABUPATEN CIAMIS'),
(3208,	32,	'KABUPATEN KUNINGAN'),
(3209,	32,	'KABUPATEN CIREBON'),
(3210,	32,	'KABUPATEN MAJALENGKA'),
(3211,	32,	'KABUPATEN SUMEDANG'),
(3212,	32,	'KABUPATEN INDRAMAYU'),
(3213,	32,	'KABUPATEN SUBANG'),
(3214,	32,	'KABUPATEN PURWAKARTA'),
(3215,	32,	'KABUPATEN KARAWANG'),
(3216,	32,	'KABUPATEN BEKASI'),
(3217,	32,	'KABUPATEN BANDUNG BARAT'),
(3218,	32,	'KABUPATEN PANGANDARAN'),
(3271,	32,	'KOTA BOGOR'),
(3272,	32,	'KOTA SUKABUMI'),
(3273,	32,	'KOTA BANDUNG'),
(3274,	32,	'KOTA CIREBON'),
(3275,	32,	'KOTA BEKASI'),
(3276,	32,	'KOTA DEPOK'),
(3277,	32,	'KOTA CIMAHI'),
(3278,	32,	'KOTA TASIKMALAYA'),
(3279,	32,	'KOTA BANJAR'),
(3301,	33,	'KABUPATEN CILACAP'),
(3302,	33,	'KABUPATEN BANYUMAS'),
(3303,	33,	'KABUPATEN PURBALINGGA'),
(3304,	33,	'KABUPATEN BANJARNEGARA'),
(3305,	33,	'KABUPATEN KEBUMEN'),
(3306,	33,	'KABUPATEN PURWOREJO'),
(3307,	33,	'KABUPATEN WONOSOBO'),
(3308,	33,	'KABUPATEN MAGELANG'),
(3309,	33,	'KABUPATEN BOYOLALI'),
(3310,	33,	'KABUPATEN KLATEN'),
(3311,	33,	'KABUPATEN SUKOHARJO'),
(3312,	33,	'KABUPATEN WONOGIRI'),
(3313,	33,	'KABUPATEN KARANGANYAR'),
(3314,	33,	'KABUPATEN SRAGEN'),
(3315,	33,	'KABUPATEN GROBOGAN'),
(3316,	33,	'KABUPATEN BLORA'),
(3317,	33,	'KABUPATEN REMBANG'),
(3318,	33,	'KABUPATEN PATI'),
(3319,	33,	'KABUPATEN KUDUS'),
(3320,	33,	'KABUPATEN JEPARA'),
(3321,	33,	'KABUPATEN DEMAK'),
(3322,	33,	'KABUPATEN SEMARANG'),
(3323,	33,	'KABUPATEN TEMANGGUNG'),
(3324,	33,	'KABUPATEN KENDAL'),
(3325,	33,	'KABUPATEN BATANG'),
(3326,	33,	'KABUPATEN PEKALONGAN'),
(3327,	33,	'KABUPATEN PEMALANG'),
(3328,	33,	'KABUPATEN TEGAL'),
(3329,	33,	'KABUPATEN BREBES'),
(3371,	33,	'KOTA MAGELANG'),
(3372,	33,	'KOTA SURAKARTA'),
(3373,	33,	'KOTA SALATIGA'),
(3374,	33,	'KOTA SEMARANG'),
(3375,	33,	'KOTA PEKALONGAN'),
(3376,	33,	'KOTA TEGAL'),
(3401,	34,	'KABUPATEN KULON PROGO'),
(3402,	34,	'KABUPATEN BANTUL'),
(3403,	34,	'KABUPATEN GUNUNG KIDUL'),
(3404,	34,	'KABUPATEN SLEMAN'),
(3471,	34,	'KOTA YOGYAKARTA'),
(3501,	35,	'KABUPATEN PACITAN'),
(3502,	35,	'KABUPATEN PONOROGO'),
(3503,	35,	'KABUPATEN TRENGGALEK'),
(3504,	35,	'KABUPATEN TULUNGAGUNG'),
(3505,	35,	'KABUPATEN BLITAR'),
(3506,	35,	'KABUPATEN KEDIRI'),
(3507,	35,	'KABUPATEN MALANG'),
(3508,	35,	'KABUPATEN LUMAJANG'),
(3509,	35,	'KABUPATEN JEMBER'),
(3510,	35,	'KABUPATEN BANYUWANGI'),
(3511,	35,	'KABUPATEN BONDOWOSO'),
(3512,	35,	'KABUPATEN SITUBONDO'),
(3513,	35,	'KABUPATEN PROBOLINGGO'),
(3514,	35,	'KABUPATEN PASURUAN'),
(3515,	35,	'KABUPATEN SIDOARJO'),
(3516,	35,	'KABUPATEN MOJOKERTO'),
(3517,	35,	'KABUPATEN JOMBANG'),
(3518,	35,	'KABUPATEN NGANJUK'),
(3519,	35,	'KABUPATEN MADIUN'),
(3520,	35,	'KABUPATEN MAGETAN'),
(3521,	35,	'KABUPATEN NGAWI'),
(3522,	35,	'KABUPATEN BOJONEGORO'),
(3523,	35,	'KABUPATEN TUBAN'),
(3524,	35,	'KABUPATEN LAMONGAN'),
(3525,	35,	'KABUPATEN GRESIK'),
(3526,	35,	'KABUPATEN BANGKALAN'),
(3527,	35,	'KABUPATEN SAMPANG'),
(3528,	35,	'KABUPATEN PAMEKASAN'),
(3529,	35,	'KABUPATEN SUMENEP'),
(3571,	35,	'KOTA KEDIRI'),
(3572,	35,	'KOTA BLITAR'),
(3573,	35,	'KOTA MALANG'),
(3574,	35,	'KOTA PROBOLINGGO'),
(3575,	35,	'KOTA PASURUAN'),
(3576,	35,	'KOTA MOJOKERTO'),
(3577,	35,	'KOTA MADIUN'),
(3578,	35,	'KOTA SURABAYA'),
(3579,	35,	'KOTA BATU'),
(3601,	36,	'KABUPATEN PANDEGLANG'),
(3602,	36,	'KABUPATEN LEBAK'),
(3603,	36,	'KABUPATEN TANGERANG'),
(3604,	36,	'KABUPATEN SERANG'),
(3671,	36,	'KOTA TANGERANG'),
(3672,	36,	'KOTA CILEGON'),
(3673,	36,	'KOTA SERANG'),
(3674,	36,	'KOTA TANGERANG SELATAN'),
(5101,	51,	'KABUPATEN JEMBRANA'),
(5102,	51,	'KABUPATEN TABANAN'),
(5103,	51,	'KABUPATEN BADUNG'),
(5104,	51,	'KABUPATEN GIANYAR'),
(5105,	51,	'KABUPATEN KLUNGKUNG'),
(5106,	51,	'KABUPATEN BANGLI'),
(5107,	51,	'KABUPATEN KARANG ASEM'),
(5108,	51,	'KABUPATEN BULELENG'),
(5171,	51,	'KOTA DENPASAR'),
(5201,	52,	'KABUPATEN LOMBOK BARAT'),
(5202,	52,	'KABUPATEN LOMBOK TENGAH'),
(5203,	52,	'KABUPATEN LOMBOK TIMUR'),
(5204,	52,	'KABUPATEN SUMBAWA'),
(5205,	52,	'KABUPATEN DOMPU'),
(5206,	52,	'KABUPATEN BIMA'),
(5207,	52,	'KABUPATEN SUMBAWA BARAT'),
(5208,	52,	'KABUPATEN LOMBOK UTARA'),
(5271,	52,	'KOTA MATARAM'),
(5272,	52,	'KOTA BIMA'),
(5301,	53,	'KABUPATEN SUMBA BARAT'),
(5302,	53,	'KABUPATEN SUMBA TIMUR'),
(5303,	53,	'KABUPATEN KUPANG'),
(5304,	53,	'KABUPATEN TIMOR TENGAH SELATAN'),
(5305,	53,	'KABUPATEN TIMOR TENGAH UTARA'),
(5306,	53,	'KABUPATEN BELU'),
(5307,	53,	'KABUPATEN ALOR'),
(5308,	53,	'KABUPATEN LEMBATA'),
(5309,	53,	'KABUPATEN FLORES TIMUR'),
(5310,	53,	'KABUPATEN SIKKA'),
(5311,	53,	'KABUPATEN ENDE'),
(5312,	53,	'KABUPATEN NGADA'),
(5313,	53,	'KABUPATEN MANGGARAI'),
(5314,	53,	'KABUPATEN ROTE NDAO'),
(5315,	53,	'KABUPATEN MANGGARAI BARAT'),
(5316,	53,	'KABUPATEN SUMBA TENGAH'),
(5317,	53,	'KABUPATEN SUMBA BARAT DAYA'),
(5318,	53,	'KABUPATEN NAGEKEO'),
(5319,	53,	'KABUPATEN MANGGARAI TIMUR'),
(5320,	53,	'KABUPATEN SABU RAIJUA'),
(5321,	53,	'KABUPATEN MALAKA'),
(5371,	53,	'KOTA KUPANG'),
(6101,	61,	'KABUPATEN SAMBAS'),
(6102,	61,	'KABUPATEN BENGKAYANG'),
(6103,	61,	'KABUPATEN LANDAK'),
(6104,	61,	'KABUPATEN MEMPAWAH'),
(6105,	61,	'KABUPATEN SANGGAU'),
(6106,	61,	'KABUPATEN KETAPANG'),
(6107,	61,	'KABUPATEN SINTANG'),
(6108,	61,	'KABUPATEN KAPUAS HULU'),
(6109,	61,	'KABUPATEN SEKADAU'),
(6110,	61,	'KABUPATEN MELAWI'),
(6111,	61,	'KABUPATEN KAYONG UTARA'),
(6112,	61,	'KABUPATEN KUBU RAYA'),
(6171,	61,	'KOTA PONTIANAK'),
(6172,	61,	'KOTA SINGKAWANG'),
(6201,	62,	'KABUPATEN KOTAWARINGIN BARAT'),
(6202,	62,	'KABUPATEN KOTAWARINGIN TIMUR'),
(6203,	62,	'KABUPATEN KAPUAS'),
(6204,	62,	'KABUPATEN BARITO SELATAN'),
(6205,	62,	'KABUPATEN BARITO UTARA'),
(6206,	62,	'KABUPATEN SUKAMARA'),
(6207,	62,	'KABUPATEN LAMANDAU'),
(6208,	62,	'KABUPATEN SERUYAN'),
(6209,	62,	'KABUPATEN KATINGAN'),
(6210,	62,	'KABUPATEN PULANG PISAU'),
(6211,	62,	'KABUPATEN GUNUNG MAS'),
(6212,	62,	'KABUPATEN BARITO TIMUR'),
(6213,	62,	'KABUPATEN MURUNG RAYA'),
(6271,	62,	'KOTA PALANGKA RAYA'),
(6301,	63,	'KABUPATEN TANAH LAUT'),
(6302,	63,	'KABUPATEN KOTA BARU'),
(6303,	63,	'KABUPATEN BANJAR'),
(6304,	63,	'KABUPATEN BARITO KUALA'),
(6305,	63,	'KABUPATEN TAPIN'),
(6306,	63,	'KABUPATEN HULU SUNGAI SELATAN'),
(6307,	63,	'KABUPATEN HULU SUNGAI TENGAH'),
(6308,	63,	'KABUPATEN HULU SUNGAI UTARA'),
(7606,	76,	'KABUPATEN MAMUJU TENGAH'),
(8101,	81,	'KABUPATEN MALUKU TENGGARA BARAT'),
(8102,	81,	'KABUPATEN MALUKU TENGGARA'),
(8103,	81,	'KABUPATEN MALUKU TENGAH'),
(8104,	81,	'KABUPATEN BURU'),
(8105,	81,	'KABUPATEN KEPULAUAN ARU'),
(8106,	81,	'KABUPATEN SERAM BAGIAN BARAT'),
(8107,	81,	'KABUPATEN SERAM BAGIAN TIMUR'),
(8108,	81,	'KABUPATEN MALUKU BARAT DAYA'),
(8109,	81,	'KABUPATEN BURU SELATAN'),
(8171,	81,	'KOTA AMBON'),
(8172,	81,	'KOTA TUAL'),
(8201,	82,	'KABUPATEN HALMAHERA BARAT'),
(8202,	82,	'KABUPATEN HALMAHERA TENGAH'),
(8203,	82,	'KABUPATEN KEPULAUAN SULA'),
(8204,	82,	'KABUPATEN HALMAHERA SELATAN'),
(8205,	82,	'KABUPATEN HALMAHERA UTARA'),
(8206,	82,	'KABUPATEN HALMAHERA TIMUR'),
(8207,	82,	'KABUPATEN PULAU MOROTAI'),
(8208,	82,	'KABUPATEN PULAU TALIABU'),
(8271,	82,	'KOTA TERNATE'),
(8272,	82,	'KOTA TIDORE KEPULAUAN'),
(9101,	91,	'KABUPATEN FAKFAK'),
(9102,	91,	'KABUPATEN KAIMANA'),
(9103,	91,	'KABUPATEN TELUK WONDAMA'),
(9104,	91,	'KABUPATEN TELUK BINTUNI'),
(9105,	91,	'KABUPATEN MANOKWARI'),
(9106,	91,	'KABUPATEN SORONG SELATAN'),
(9107,	91,	'KABUPATEN SORONG'),
(9108,	91,	'KABUPATEN RAJA AMPAT'),
(9109,	91,	'KABUPATEN TAMBRAUW'),
(9110,	91,	'KABUPATEN MAYBRAT'),
(9111,	91,	'KABUPATEN MANOKWARI SELATAN'),
(9112,	91,	'KABUPATEN PEGUNUNGAN ARFAK'),
(9171,	91,	'KOTA SORONG'),
(9401,	94,	'KABUPATEN MERAUKE'),
(9402,	94,	'KABUPATEN JAYAWIJAYA'),
(9403,	94,	'KABUPATEN JAYAPURA'),
(9404,	94,	'KABUPATEN NABIRE'),
(9408,	94,	'KABUPATEN KEPULAUAN YAPEN'),
(9409,	94,	'KABUPATEN BIAK NUMFOR'),
(9410,	94,	'KABUPATEN PANIAI'),
(9411,	94,	'KABUPATEN PUNCAK JAYA'),
(9412,	94,	'KABUPATEN MIMIKA'),
(9413,	94,	'KABUPATEN BOVEN DIGOEL'),
(9414,	94,	'KABUPATEN MAPPI'),
(9415,	94,	'KABUPATEN ASMAT'),
(9416,	94,	'KABUPATEN YAHUKIMO'),
(9417,	94,	'KABUPATEN PEGUNUNGAN BINTANG'),
(9418,	94,	'KABUPATEN TOLIKARA'),
(9419,	94,	'KABUPATEN SARMI'),
(9420,	94,	'KABUPATEN KEEROM'),
(9426,	94,	'KABUPATEN WAROPEN'),
(9427,	94,	'KABUPATEN SUPIORI'),
(9428,	94,	'KABUPATEN MAMBERAMO RAYA'),
(9429,	94,	'KABUPATEN NDUGA'),
(9430,	94,	'KABUPATEN LANNY JAYA'),
(9431,	94,	'KABUPATEN MAMBERAMO TENGAH'),
(9432,	94,	'KABUPATEN YALIMO'),
(9433,	94,	'KABUPATEN PUNCAK'),
(9434,	94,	'KABUPATEN DOGIYAI'),
(9435,	94,	'KABUPATEN INTAN JAYA'),
(9436,	94,	'KABUPATEN DEIYAI'),
(9471,	94,	'KOTA JAYAPURA');

-- 2020-01-06 14:30:27
